opinion,region
Right,london
Right,london
Right,london
Right,london
Right,london
Right,london
Right,london
Right,london
Right,london
Right,london
Right,london
Right,london
Right,london
Right,london
Right,london
Right,london
Right,london
Right,london
Right,london
Right,london
Right,london
Right,london
Right,london
Right,london
Right,london
Right,london
Right,london
Right,london
Right,london
Right,london
Right,london
Right,london
Right,london
Right,london
Right,london
Right,london
Right,london
Right,london
Right,london
Right,london
Right,london
Right,london
Right,london
Right,london
Right,london
Right,london
Right,london
Right,london
Right,london
Right,london
Right,london
Right,london
Right,london
Right,london
Right,london
Right,london
Right,london
Right,london
Right,london
Right,london
Right,london
Right,london
Right,london
Right,rest_of_south
Right,rest_of_south
Right,rest_of_south
Right,rest_of_south
Right,rest_of_south
Right,rest_of_south
Right,rest_of_south
Right,rest_of_south
Right,rest_of_south
Right,rest_of_south
Right,rest_of_south
Right,rest_of_south
Right,rest_of_south
Right,rest_of_south
Right,rest_of_south
Right,rest_of_south
Right,rest_of_south
Right,rest_of_south
Right,rest_of_south
Right,rest_of_south
Right,rest_of_south
Right,rest_of_south
Right,rest_of_south
Right,rest_of_south
Right,rest_of_south
Right,rest_of_south
Right,rest_of_south
Right,rest_of_south
Right,rest_of_south
Right,rest_of_south
Right,rest_of_south
Right,rest_of_south
Right,rest_of_south
Right,rest_of_south
Right,rest_of_south
Right,rest_of_south
Right,rest_of_south
Right,rest_of_south
Right,rest_of_south
Right,rest_of_south
Right,rest_of_south
Right,rest_of_south
Right,rest_of_south
Right,rest_of_south
Right,rest_of_south
Right,rest_of_south
Right,rest_of_south
Right,rest_of_south
Right,rest_of_south
Right,rest_of_south
Right,rest_of_south
Right,rest_of_south
Right,rest_of_south
Right,rest_of_south
Right,rest_of_south
Right,rest_of_south
Right,rest_of_south
Right,rest_of_south
Right,rest_of_south
Right,rest_of_south
Right,rest_of_south
Right,rest_of_south
Right,rest_of_south
Right,rest_of_south
Right,rest_of_south
Right,rest_of_south
Right,rest_of_south
Right,rest_of_south
Right,rest_of_south
Right,rest_of_south
Right,rest_of_south
Right,rest_of_south
Right,rest_of_south
Right,rest_of_south
Right,rest_of_south
Right,rest_of_south
Right,rest_of_south
Right,rest_of_south
Right,rest_of_south
Right,rest_of_south
Right,rest_of_south
Right,rest_of_south
Right,rest_of_south
Right,rest_of_south
Right,rest_of_south
Right,rest_of_south
Right,rest_of_south
Right,rest_of_south
Right,rest_of_south
Right,rest_of_south
Right,rest_of_south
Right,rest_of_south
Right,rest_of_south
Right,rest_of_south
Right,rest_of_south
Right,rest_of_south
Right,rest_of_south
Right,rest_of_south
Right,rest_of_south
Right,rest_of_south
Right,rest_of_south
Right,rest_of_south
Right,rest_of_south
Right,rest_of_south
Right,rest_of_south
Right,rest_of_south
Right,rest_of_south
Right,rest_of_south
Right,rest_of_south
Right,rest_of_south
Right,rest_of_south
Right,rest_of_south
Right,rest_of_south
Right,rest_of_south
Right,rest_of_south
Right,rest_of_south
Right,rest_of_south
Right,rest_of_south
Right,rest_of_south
Right,rest_of_south
Right,rest_of_south
Right,rest_of_south
Right,rest_of_south
Right,rest_of_south
Right,rest_of_south
Right,rest_of_south
Right,rest_of_south
Right,rest_of_south
Right,rest_of_south
Right,rest_of_south
Right,rest_of_south
Right,rest_of_south
Right,rest_of_south
Right,rest_of_south
Right,rest_of_south
Right,rest_of_south
Right,rest_of_south
Right,rest_of_south
Right,rest_of_south
Right,rest_of_south
Right,rest_of_south
Right,rest_of_south
Right,rest_of_south
Right,rest_of_south
Right,rest_of_south
Right,rest_of_south
Right,rest_of_south
Right,rest_of_south
Right,rest_of_south
Right,rest_of_south
Right,rest_of_south
Right,rest_of_south
Right,rest_of_south
Right,rest_of_south
Right,rest_of_south
Right,rest_of_south
Right,rest_of_south
Right,rest_of_south
Right,rest_of_south
Right,rest_of_south
Right,rest_of_south
Right,rest_of_south
Right,rest_of_south
Right,rest_of_south
Right,rest_of_south
Right,rest_of_south
Right,rest_of_south
Right,rest_of_south
Right,rest_of_south
Right,rest_of_south
Right,rest_of_south
Right,rest_of_south
Right,rest_of_south
Right,rest_of_south
Right,rest_of_south
Right,rest_of_south
Right,rest_of_south
Right,rest_of_south
Right,rest_of_south
Right,rest_of_south
Right,rest_of_south
Right,rest_of_south
Right,rest_of_south
Right,rest_of_south
Right,rest_of_south
Right,rest_of_south
Right,rest_of_south
Right,rest_of_south
Right,rest_of_south
Right,rest_of_south
Right,rest_of_south
Right,rest_of_south
Right,rest_of_south
Right,rest_of_south
Right,rest_of_south
Right,rest_of_south
Right,rest_of_south
Right,rest_of_south
Right,rest_of_south
Right,rest_of_south
Right,rest_of_south
Right,rest_of_south
Right,rest_of_south
Right,rest_of_south
Right,rest_of_south
Right,rest_of_south
Right,rest_of_south
Right,rest_of_south
Right,rest_of_south
Right,rest_of_south
Right,rest_of_south
Right,rest_of_south
Right,rest_of_south
Right,rest_of_south
Right,rest_of_south
Right,rest_of_south
Right,rest_of_south
Right,rest_of_south
Right,rest_of_south
Right,rest_of_south
Right,rest_of_south
Right,rest_of_south
Right,rest_of_south
Right,rest_of_south
Right,rest_of_south
Right,rest_of_south
Right,rest_of_south
Right,rest_of_south
Right,rest_of_south
Right,rest_of_south
Right,rest_of_south
Right,rest_of_south
Right,rest_of_south
Right,rest_of_south
Right,rest_of_south
Right,rest_of_south
Right,rest_of_south
Right,rest_of_south
Right,rest_of_south
Right,rest_of_south
Right,rest_of_south
Right,midlands_wales
Right,midlands_wales
Right,midlands_wales
Right,midlands_wales
Right,midlands_wales
Right,midlands_wales
Right,midlands_wales
Right,midlands_wales
Right,midlands_wales
Right,midlands_wales
Right,midlands_wales
Right,midlands_wales
Right,midlands_wales
Right,midlands_wales
Right,midlands_wales
Right,midlands_wales
Right,midlands_wales
Right,midlands_wales
Right,midlands_wales
Right,midlands_wales
Right,midlands_wales
Right,midlands_wales
Right,midlands_wales
Right,midlands_wales
Right,midlands_wales
Right,midlands_wales
Right,midlands_wales
Right,midlands_wales
Right,midlands_wales
Right,midlands_wales
Right,midlands_wales
Right,midlands_wales
Right,midlands_wales
Right,midlands_wales
Right,midlands_wales
Right,midlands_wales
Right,midlands_wales
Right,midlands_wales
Right,midlands_wales
Right,midlands_wales
Right,midlands_wales
Right,midlands_wales
Right,midlands_wales
Right,midlands_wales
Right,midlands_wales
Right,midlands_wales
Right,midlands_wales
Right,midlands_wales
Right,midlands_wales
Right,midlands_wales
Right,midlands_wales
Right,midlands_wales
Right,midlands_wales
Right,midlands_wales
Right,midlands_wales
Right,midlands_wales
Right,midlands_wales
Right,midlands_wales
Right,midlands_wales
Right,midlands_wales
Right,midlands_wales
Right,midlands_wales
Right,midlands_wales
Right,midlands_wales
Right,midlands_wales
Right,midlands_wales
Right,midlands_wales
Right,midlands_wales
Right,midlands_wales
Right,midlands_wales
Right,midlands_wales
Right,midlands_wales
Right,midlands_wales
Right,midlands_wales
Right,midlands_wales
Right,midlands_wales
Right,midlands_wales
Right,midlands_wales
Right,midlands_wales
Right,midlands_wales
Right,midlands_wales
Right,midlands_wales
Right,midlands_wales
Right,midlands_wales
Right,midlands_wales
Right,midlands_wales
Right,midlands_wales
Right,midlands_wales
Right,midlands_wales
Right,midlands_wales
Right,midlands_wales
Right,midlands_wales
Right,midlands_wales
Right,midlands_wales
Right,midlands_wales
Right,midlands_wales
Right,midlands_wales
Right,midlands_wales
Right,midlands_wales
Right,midlands_wales
Right,midlands_wales
Right,midlands_wales
Right,midlands_wales
Right,midlands_wales
Right,midlands_wales
Right,midlands_wales
Right,midlands_wales
Right,midlands_wales
Right,midlands_wales
Right,midlands_wales
Right,midlands_wales
Right,midlands_wales
Right,midlands_wales
Right,midlands_wales
Right,midlands_wales
Right,midlands_wales
Right,midlands_wales
Right,midlands_wales
Right,midlands_wales
Right,midlands_wales
Right,midlands_wales
Right,midlands_wales
Right,midlands_wales
Right,midlands_wales
Right,midlands_wales
Right,midlands_wales
Right,midlands_wales
Right,midlands_wales
Right,midlands_wales
Right,midlands_wales
Right,midlands_wales
Right,midlands_wales
Right,midlands_wales
Right,midlands_wales
Right,midlands_wales
Right,midlands_wales
Right,midlands_wales
Right,midlands_wales
Right,midlands_wales
Right,midlands_wales
Right,midlands_wales
Right,midlands_wales
Right,midlands_wales
Right,midlands_wales
Right,midlands_wales
Right,north
Right,north
Right,north
Right,north
Right,north
Right,north
Right,north
Right,north
Right,north
Right,north
Right,north
Right,north
Right,north
Right,north
Right,north
Right,north
Right,north
Right,north
Right,north
Right,north
Right,north
Right,north
Right,north
Right,north
Right,north
Right,north
Right,north
Right,north
Right,north
Right,north
Right,north
Right,north
Right,north
Right,north
Right,north
Right,north
Right,north
Right,north
Right,north
Right,north
Right,north
Right,north
Right,north
Right,north
Right,north
Right,north
Right,north
Right,north
Right,north
Right,north
Right,north
Right,north
Right,north
Right,north
Right,north
Right,north
Right,north
Right,north
Right,north
Right,north
Right,north
Right,north
Right,north
Right,north
Right,north
Right,north
Right,north
Right,north
Right,north
Right,north
Right,north
Right,north
Right,north
Right,north
Right,north
Right,north
Right,north
Right,north
Right,north
Right,north
Right,north
Right,north
Right,north
Right,north
Right,north
Right,north
Right,north
Right,north
Right,north
Right,north
Right,north
Right,north
Right,north
Right,north
Right,north
Right,north
Right,north
Right,north
Right,north
Right,north
Right,north
Right,north
Right,north
Right,north
Right,north
Right,north
Right,north
Right,north
Right,north
Right,north
Right,north
Right,north
Right,north
Right,north
Right,north
Right,north
Right,north
Right,north
Right,north
Right,north
Right,north
Right,north
Right,north
Right,north
Right,north
Right,north
Right,north
Right,north
Right,north
Right,north
Right,north
Right,north
Right,north
Right,north
Right,north
Right,north
Right,north
Right,north
Right,north
Right,north
Right,north
Right,north
Right,north
Right,north
Right,north
Right,north
Right,north
Right,north
Right,north
Right,north
Right,north
Right,north
Right,north
Right,north
Right,north
Right,north
Right,north
Right,north
Right,north
Right,north
Right,north
Right,north
Right,north
Right,north
Right,north
Right,north
Right,north
Right,north
Right,north
Right,north
Right,north
Right,north
Right,north
Right,north
Right,north
Right,north
Right,scot
Right,scot
Right,scot
Right,scot
Right,scot
Right,scot
Right,scot
Right,scot
Right,scot
Right,scot
Right,scot
Right,scot
Right,scot
Right,scot
Right,scot
Right,scot
Right,scot
Right,scot
Right,scot
Right,scot
Right,scot
Right,scot
Right,scot
Right,scot
Right,scot
Right,scot
Right,scot
Right,scot
Right,scot
Right,scot
Right,scot
Right,scot
Right,scot
Right,scot
Right,scot
Right,scot
Right,scot
Right,scot
Right,scot
Wrong,london
Wrong,london
Wrong,london
Wrong,london
Wrong,london
Wrong,london
Wrong,london
Wrong,london
Wrong,london
Wrong,london
Wrong,london
Wrong,london
Wrong,london
Wrong,london
Wrong,london
Wrong,london
Wrong,london
Wrong,london
Wrong,london
Wrong,london
Wrong,london
Wrong,london
Wrong,london
Wrong,london
Wrong,london
Wrong,london
Wrong,london
Wrong,london
Wrong,london
Wrong,london
Wrong,london
Wrong,london
Wrong,london
Wrong,london
Wrong,london
Wrong,london
Wrong,london
Wrong,london
Wrong,london
Wrong,london
Wrong,london
Wrong,london
Wrong,london
Wrong,london
Wrong,london
Wrong,london
Wrong,london
Wrong,london
Wrong,london
Wrong,london
Wrong,london
Wrong,london
Wrong,london
Wrong,london
Wrong,london
Wrong,london
Wrong,london
Wrong,london
Wrong,london
Wrong,london
Wrong,london
Wrong,london
Wrong,london
Wrong,london
Wrong,london
Wrong,london
Wrong,london
Wrong,london
Wrong,london
Wrong,london
Wrong,london
Wrong,london
Wrong,london
Wrong,london
Wrong,london
Wrong,london
Wrong,london
Wrong,london
Wrong,london
Wrong,london
Wrong,london
Wrong,london
Wrong,london
Wrong,london
Wrong,london
Wrong,london
Wrong,london
Wrong,london
Wrong,london
Wrong,london
Wrong,london
Wrong,london
Wrong,london
Wrong,london
Wrong,london
Wrong,london
Wrong,london
Wrong,london
Wrong,london
Wrong,london
Wrong,london
Wrong,london
Wrong,london
Wrong,london
Wrong,london
Wrong,london
Wrong,london
Wrong,london
Wrong,london
Wrong,london
Wrong,rest_of_south
Wrong,rest_of_south
Wrong,rest_of_south
Wrong,rest_of_south
Wrong,rest_of_south
Wrong,rest_of_south
Wrong,rest_of_south
Wrong,rest_of_south
Wrong,rest_of_south
Wrong,rest_of_south
Wrong,rest_of_south
Wrong,rest_of_south
Wrong,rest_of_south
Wrong,rest_of_south
Wrong,rest_of_south
Wrong,rest_of_south
Wrong,rest_of_south
Wrong,rest_of_south
Wrong,rest_of_south
Wrong,rest_of_south
Wrong,rest_of_south
Wrong,rest_of_south
Wrong,rest_of_south
Wrong,rest_of_south
Wrong,rest_of_south
Wrong,rest_of_south
Wrong,rest_of_south
Wrong,rest_of_south
Wrong,rest_of_south
Wrong,rest_of_south
Wrong,rest_of_south
Wrong,rest_of_south
Wrong,rest_of_south
Wrong,rest_of_south
Wrong,rest_of_south
Wrong,rest_of_south
Wrong,rest_of_south
Wrong,rest_of_south
Wrong,rest_of_south
Wrong,rest_of_south
Wrong,rest_of_south
Wrong,rest_of_south
Wrong,rest_of_south
Wrong,rest_of_south
Wrong,rest_of_south
Wrong,rest_of_south
Wrong,rest_of_south
Wrong,rest_of_south
Wrong,rest_of_south
Wrong,rest_of_south
Wrong,rest_of_south
Wrong,rest_of_south
Wrong,rest_of_south
Wrong,rest_of_south
Wrong,rest_of_south
Wrong,rest_of_south
Wrong,rest_of_south
Wrong,rest_of_south
Wrong,rest_of_south
Wrong,rest_of_south
Wrong,rest_of_south
Wrong,rest_of_south
Wrong,rest_of_south
Wrong,rest_of_south
Wrong,rest_of_south
Wrong,rest_of_south
Wrong,rest_of_south
Wrong,rest_of_south
Wrong,rest_of_south
Wrong,rest_of_south
Wrong,rest_of_south
Wrong,rest_of_south
Wrong,rest_of_south
Wrong,rest_of_south
Wrong,rest_of_south
Wrong,rest_of_south
Wrong,rest_of_south
Wrong,rest_of_south
Wrong,rest_of_south
Wrong,rest_of_south
Wrong,rest_of_south
Wrong,rest_of_south
Wrong,rest_of_south
Wrong,rest_of_south
Wrong,rest_of_south
Wrong,rest_of_south
Wrong,rest_of_south
Wrong,rest_of_south
Wrong,rest_of_south
Wrong,rest_of_south
Wrong,rest_of_south
Wrong,rest_of_south
Wrong,rest_of_south
Wrong,rest_of_south
Wrong,rest_of_south
Wrong,rest_of_south
Wrong,rest_of_south
Wrong,rest_of_south
Wrong,rest_of_south
Wrong,rest_of_south
Wrong,rest_of_south
Wrong,rest_of_south
Wrong,rest_of_south
Wrong,rest_of_south
Wrong,rest_of_south
Wrong,rest_of_south
Wrong,rest_of_south
Wrong,rest_of_south
Wrong,rest_of_south
Wrong,rest_of_south
Wrong,rest_of_south
Wrong,rest_of_south
Wrong,rest_of_south
Wrong,rest_of_south
Wrong,rest_of_south
Wrong,rest_of_south
Wrong,rest_of_south
Wrong,rest_of_south
Wrong,rest_of_south
Wrong,rest_of_south
Wrong,rest_of_south
Wrong,rest_of_south
Wrong,rest_of_south
Wrong,rest_of_south
Wrong,rest_of_south
Wrong,rest_of_south
Wrong,rest_of_south
Wrong,rest_of_south
Wrong,rest_of_south
Wrong,rest_of_south
Wrong,rest_of_south
Wrong,rest_of_south
Wrong,rest_of_south
Wrong,rest_of_south
Wrong,rest_of_south
Wrong,rest_of_south
Wrong,rest_of_south
Wrong,rest_of_south
Wrong,rest_of_south
Wrong,rest_of_south
Wrong,rest_of_south
Wrong,rest_of_south
Wrong,rest_of_south
Wrong,rest_of_south
Wrong,rest_of_south
Wrong,rest_of_south
Wrong,rest_of_south
Wrong,rest_of_south
Wrong,rest_of_south
Wrong,rest_of_south
Wrong,rest_of_south
Wrong,rest_of_south
Wrong,rest_of_south
Wrong,rest_of_south
Wrong,rest_of_south
Wrong,rest_of_south
Wrong,rest_of_south
Wrong,rest_of_south
Wrong,rest_of_south
Wrong,rest_of_south
Wrong,rest_of_south
Wrong,rest_of_south
Wrong,rest_of_south
Wrong,rest_of_south
Wrong,rest_of_south
Wrong,rest_of_south
Wrong,rest_of_south
Wrong,rest_of_south
Wrong,rest_of_south
Wrong,rest_of_south
Wrong,rest_of_south
Wrong,rest_of_south
Wrong,rest_of_south
Wrong,rest_of_south
Wrong,rest_of_south
Wrong,rest_of_south
Wrong,rest_of_south
Wrong,rest_of_south
Wrong,rest_of_south
Wrong,rest_of_south
Wrong,rest_of_south
Wrong,rest_of_south
Wrong,rest_of_south
Wrong,rest_of_south
Wrong,rest_of_south
Wrong,rest_of_south
Wrong,rest_of_south
Wrong,rest_of_south
Wrong,rest_of_south
Wrong,rest_of_south
Wrong,rest_of_south
Wrong,rest_of_south
Wrong,rest_of_south
Wrong,rest_of_south
Wrong,rest_of_south
Wrong,rest_of_south
Wrong,rest_of_south
Wrong,rest_of_south
Wrong,rest_of_south
Wrong,rest_of_south
Wrong,rest_of_south
Wrong,rest_of_south
Wrong,rest_of_south
Wrong,rest_of_south
Wrong,rest_of_south
Wrong,rest_of_south
Wrong,rest_of_south
Wrong,rest_of_south
Wrong,rest_of_south
Wrong,rest_of_south
Wrong,rest_of_south
Wrong,rest_of_south
Wrong,rest_of_south
Wrong,rest_of_south
Wrong,rest_of_south
Wrong,rest_of_south
Wrong,rest_of_south
Wrong,rest_of_south
Wrong,rest_of_south
Wrong,rest_of_south
Wrong,rest_of_south
Wrong,rest_of_south
Wrong,rest_of_south
Wrong,rest_of_south
Wrong,rest_of_south
Wrong,rest_of_south
Wrong,rest_of_south
Wrong,rest_of_south
Wrong,rest_of_south
Wrong,rest_of_south
Wrong,rest_of_south
Wrong,rest_of_south
Wrong,rest_of_south
Wrong,rest_of_south
Wrong,rest_of_south
Wrong,rest_of_south
Wrong,rest_of_south
Wrong,rest_of_south
Wrong,rest_of_south
Wrong,rest_of_south
Wrong,rest_of_south
Wrong,rest_of_south
Wrong,rest_of_south
Wrong,rest_of_south
Wrong,rest_of_south
Wrong,rest_of_south
Wrong,rest_of_south
Wrong,rest_of_south
Wrong,rest_of_south
Wrong,rest_of_south
Wrong,rest_of_south
Wrong,rest_of_south
Wrong,rest_of_south
Wrong,rest_of_south
Wrong,rest_of_south
Wrong,rest_of_south
Wrong,rest_of_south
Wrong,midlands_wales
Wrong,midlands_wales
Wrong,midlands_wales
Wrong,midlands_wales
Wrong,midlands_wales
Wrong,midlands_wales
Wrong,midlands_wales
Wrong,midlands_wales
Wrong,midlands_wales
Wrong,midlands_wales
Wrong,midlands_wales
Wrong,midlands_wales
Wrong,midlands_wales
Wrong,midlands_wales
Wrong,midlands_wales
Wrong,midlands_wales
Wrong,midlands_wales
Wrong,midlands_wales
Wrong,midlands_wales
Wrong,midlands_wales
Wrong,midlands_wales
Wrong,midlands_wales
Wrong,midlands_wales
Wrong,midlands_wales
Wrong,midlands_wales
Wrong,midlands_wales
Wrong,midlands_wales
Wrong,midlands_wales
Wrong,midlands_wales
Wrong,midlands_wales
Wrong,midlands_wales
Wrong,midlands_wales
Wrong,midlands_wales
Wrong,midlands_wales
Wrong,midlands_wales
Wrong,midlands_wales
Wrong,midlands_wales
Wrong,midlands_wales
Wrong,midlands_wales
Wrong,midlands_wales
Wrong,midlands_wales
Wrong,midlands_wales
Wrong,midlands_wales
Wrong,midlands_wales
Wrong,midlands_wales
Wrong,midlands_wales
Wrong,midlands_wales
Wrong,midlands_wales
Wrong,midlands_wales
Wrong,midlands_wales
Wrong,midlands_wales
Wrong,midlands_wales
Wrong,midlands_wales
Wrong,midlands_wales
Wrong,midlands_wales
Wrong,midlands_wales
Wrong,midlands_wales
Wrong,midlands_wales
Wrong,midlands_wales
Wrong,midlands_wales
Wrong,midlands_wales
Wrong,midlands_wales
Wrong,midlands_wales
Wrong,midlands_wales
Wrong,midlands_wales
Wrong,midlands_wales
Wrong,midlands_wales
Wrong,midlands_wales
Wrong,midlands_wales
Wrong,midlands_wales
Wrong,midlands_wales
Wrong,midlands_wales
Wrong,midlands_wales
Wrong,midlands_wales
Wrong,midlands_wales
Wrong,midlands_wales
Wrong,midlands_wales
Wrong,midlands_wales
Wrong,midlands_wales
Wrong,midlands_wales
Wrong,midlands_wales
Wrong,midlands_wales
Wrong,midlands_wales
Wrong,midlands_wales
Wrong,midlands_wales
Wrong,midlands_wales
Wrong,midlands_wales
Wrong,midlands_wales
Wrong,midlands_wales
Wrong,midlands_wales
Wrong,midlands_wales
Wrong,midlands_wales
Wrong,midlands_wales
Wrong,midlands_wales
Wrong,midlands_wales
Wrong,midlands_wales
Wrong,midlands_wales
Wrong,midlands_wales
Wrong,midlands_wales
Wrong,midlands_wales
Wrong,midlands_wales
Wrong,midlands_wales
Wrong,midlands_wales
Wrong,midlands_wales
Wrong,midlands_wales
Wrong,midlands_wales
Wrong,midlands_wales
Wrong,midlands_wales
Wrong,midlands_wales
Wrong,midlands_wales
Wrong,midlands_wales
Wrong,midlands_wales
Wrong,midlands_wales
Wrong,midlands_wales
Wrong,midlands_wales
Wrong,midlands_wales
Wrong,midlands_wales
Wrong,midlands_wales
Wrong,midlands_wales
Wrong,midlands_wales
Wrong,midlands_wales
Wrong,midlands_wales
Wrong,midlands_wales
Wrong,midlands_wales
Wrong,midlands_wales
Wrong,midlands_wales
Wrong,midlands_wales
Wrong,midlands_wales
Wrong,midlands_wales
Wrong,midlands_wales
Wrong,midlands_wales
Wrong,midlands_wales
Wrong,midlands_wales
Wrong,midlands_wales
Wrong,midlands_wales
Wrong,midlands_wales
Wrong,midlands_wales
Wrong,midlands_wales
Wrong,midlands_wales
Wrong,midlands_wales
Wrong,midlands_wales
Wrong,midlands_wales
Wrong,midlands_wales
Wrong,midlands_wales
Wrong,midlands_wales
Wrong,midlands_wales
Wrong,midlands_wales
Wrong,midlands_wales
Wrong,midlands_wales
Wrong,midlands_wales
Wrong,midlands_wales
Wrong,midlands_wales
Wrong,north
Wrong,north
Wrong,north
Wrong,north
Wrong,north
Wrong,north
Wrong,north
Wrong,north
Wrong,north
Wrong,north
Wrong,north
Wrong,north
Wrong,north
Wrong,north
Wrong,north
Wrong,north
Wrong,north
Wrong,north
Wrong,north
Wrong,north
Wrong,north
Wrong,north
Wrong,north
Wrong,north
Wrong,north
Wrong,north
Wrong,north
Wrong,north
Wrong,north
Wrong,north
Wrong,north
Wrong,north
Wrong,north
Wrong,north
Wrong,north
Wrong,north
Wrong,north
Wrong,north
Wrong,north
Wrong,north
Wrong,north
Wrong,north
Wrong,north
Wrong,north
Wrong,north
Wrong,north
Wrong,north
Wrong,north
Wrong,north
Wrong,north
Wrong,north
Wrong,north
Wrong,north
Wrong,north
Wrong,north
Wrong,north
Wrong,north
Wrong,north
Wrong,north
Wrong,north
Wrong,north
Wrong,north
Wrong,north
Wrong,north
Wrong,north
Wrong,north
Wrong,north
Wrong,north
Wrong,north
Wrong,north
Wrong,north
Wrong,north
Wrong,north
Wrong,north
Wrong,north
Wrong,north
Wrong,north
Wrong,north
Wrong,north
Wrong,north
Wrong,north
Wrong,north
Wrong,north
Wrong,north
Wrong,north
Wrong,north
Wrong,north
Wrong,north
Wrong,north
Wrong,north
Wrong,north
Wrong,north
Wrong,north
Wrong,north
Wrong,north
Wrong,north
Wrong,north
Wrong,north
Wrong,north
Wrong,north
Wrong,north
Wrong,north
Wrong,north
Wrong,north
Wrong,north
Wrong,north
Wrong,north
Wrong,north
Wrong,north
Wrong,north
Wrong,north
Wrong,north
Wrong,north
Wrong,north
Wrong,north
Wrong,north
Wrong,north
Wrong,north
Wrong,north
Wrong,north
Wrong,north
Wrong,north
Wrong,north
Wrong,north
Wrong,north
Wrong,north
Wrong,north
Wrong,north
Wrong,north
Wrong,north
Wrong,north
Wrong,north
Wrong,north
Wrong,north
Wrong,north
Wrong,north
Wrong,north
Wrong,north
Wrong,north
Wrong,north
Wrong,north
Wrong,north
Wrong,north
Wrong,north
Wrong,north
Wrong,north
Wrong,north
Wrong,north
Wrong,north
Wrong,north
Wrong,north
Wrong,north
Wrong,north
Wrong,north
Wrong,north
Wrong,north
Wrong,north
Wrong,north
Wrong,north
Wrong,north
Wrong,north
Wrong,north
Wrong,north
Wrong,north
Wrong,north
Wrong,north
Wrong,north
Wrong,north
Wrong,north
Wrong,north
Wrong,north
Wrong,north
Wrong,north
Wrong,north
Wrong,north
Wrong,north
Wrong,scot
Wrong,scot
Wrong,scot
Wrong,scot
Wrong,scot
Wrong,scot
Wrong,scot
Wrong,scot
Wrong,scot
Wrong,scot
Wrong,scot
Wrong,scot
Wrong,scot
Wrong,scot
Wrong,scot
Wrong,scot
Wrong,scot
Wrong,scot
Wrong,scot
Wrong,scot
Wrong,scot
Wrong,scot
Wrong,scot
Wrong,scot
Wrong,scot
Wrong,scot
Wrong,scot
Wrong,scot
Wrong,scot
Wrong,scot
Wrong,scot
Wrong,scot
Wrong,scot
Wrong,scot
Wrong,scot
Wrong,scot
Wrong,scot
Wrong,scot
Wrong,scot
Wrong,scot
Wrong,scot
Wrong,scot
Wrong,scot
Wrong,scot
Wrong,scot
Wrong,scot
Wrong,scot
Wrong,scot
Wrong,scot
Wrong,scot
Wrong,scot
Wrong,scot
Wrong,scot
Wrong,scot
Wrong,scot
Wrong,scot
Wrong,scot
Wrong,scot
Wrong,scot
Wrong,scot
Wrong,scot
Wrong,scot
Wrong,scot
Wrong,scot
Wrong,scot
Wrong,scot
Wrong,scot
Wrong,scot
Wrong,scot
Wrong,scot
Wrong,scot
Wrong,scot
Wrong,scot
Wrong,scot
Wrong,scot
Wrong,scot
Wrong,scot
Wrong,scot
Wrong,scot
Wrong,scot
Wrong,scot
Wrong,scot
Wrong,scot
Wrong,scot
Wrong,scot
Wrong,scot
Wrong,scot
Wrong,scot
Wrong,scot
Wrong,scot
Wrong,scot
Wrong,scot
Don't know,london
Don't know,london
Don't know,london
Don't know,london
Don't know,london
Don't know,london
Don't know,london
Don't know,london
Don't know,london
Don't know,london
Don't know,london
Don't know,london
Don't know,london
Don't know,london
Don't know,london
Don't know,london
Don't know,london
Don't know,london
Don't know,london
Don't know,london
Don't know,london
Don't know,london
Don't know,london
Don't know,london
Don't know,rest_of_south
Don't know,rest_of_south
Don't know,rest_of_south
Don't know,rest_of_south
Don't know,rest_of_south
Don't know,rest_of_south
Don't know,rest_of_south
Don't know,rest_of_south
Don't know,rest_of_south
Don't know,rest_of_south
Don't know,rest_of_south
Don't know,rest_of_south
Don't know,rest_of_south
Don't know,rest_of_south
Don't know,rest_of_south
Don't know,rest_of_south
Don't know,rest_of_south
Don't know,rest_of_south
Don't know,rest_of_south
Don't know,rest_of_south
Don't know,rest_of_south
Don't know,rest_of_south
Don't know,rest_of_south
Don't know,rest_of_south
Don't know,rest_of_south
Don't know,rest_of_south
Don't know,rest_of_south
Don't know,rest_of_south
Don't know,rest_of_south
Don't know,rest_of_south
Don't know,rest_of_south
Don't know,rest_of_south
Don't know,rest_of_south
Don't know,rest_of_south
Don't know,rest_of_south
Don't know,rest_of_south
Don't know,rest_of_south
Don't know,rest_of_south
Don't know,rest_of_south
Don't know,rest_of_south
Don't know,rest_of_south
Don't know,rest_of_south
Don't know,rest_of_south
Don't know,rest_of_south
Don't know,rest_of_south
Don't know,rest_of_south
Don't know,rest_of_south
Don't know,rest_of_south
Don't know,rest_of_south
Don't know,midlands_wales
Don't know,midlands_wales
Don't know,midlands_wales
Don't know,midlands_wales
Don't know,midlands_wales
Don't know,midlands_wales
Don't know,midlands_wales
Don't know,midlands_wales
Don't know,midlands_wales
Don't know,midlands_wales
Don't know,midlands_wales
Don't know,midlands_wales
Don't know,midlands_wales
Don't know,midlands_wales
Don't know,midlands_wales
Don't know,midlands_wales
Don't know,midlands_wales
Don't know,midlands_wales
Don't know,midlands_wales
Don't know,midlands_wales
Don't know,midlands_wales
Don't know,midlands_wales
Don't know,midlands_wales
Don't know,midlands_wales
Don't know,midlands_wales
Don't know,midlands_wales
Don't know,midlands_wales
Don't know,midlands_wales
Don't know,midlands_wales
Don't know,midlands_wales
Don't know,midlands_wales
Don't know,midlands_wales
Don't know,midlands_wales
Don't know,midlands_wales
Don't know,midlands_wales
Don't know,midlands_wales
Don't know,midlands_wales
Don't know,midlands_wales
Don't know,midlands_wales
Don't know,midlands_wales
Don't know,midlands_wales
Don't know,midlands_wales
Don't know,midlands_wales
Don't know,midlands_wales
Don't know,midlands_wales
Don't know,midlands_wales
Don't know,midlands_wales
Don't know,midlands_wales
Don't know,midlands_wales
Don't know,midlands_wales
Don't know,midlands_wales
Don't know,midlands_wales
Don't know,midlands_wales
Don't know,midlands_wales
Don't know,midlands_wales
Don't know,midlands_wales
Don't know,midlands_wales
Don't know,north
Don't know,north
Don't know,north
Don't know,north
Don't know,north
Don't know,north
Don't know,north
Don't know,north
Don't know,north
Don't know,north
Don't know,north
Don't know,north
Don't know,north
Don't know,north
Don't know,north
Don't know,north
Don't know,north
Don't know,north
Don't know,north
Don't know,north
Don't know,north
Don't know,north
Don't know,north
Don't know,north
Don't know,north
Don't know,north
Don't know,north
Don't know,north
Don't know,north
Don't know,north
Don't know,north
Don't know,north
Don't know,north
Don't know,north
Don't know,north
Don't know,north
Don't know,north
Don't know,north
Don't know,north
Don't know,north
Don't know,north
Don't know,north
Don't know,north
Don't know,north
Don't know,north
Don't know,north
Don't know,north
Don't know,north
Don't know,scot
Don't know,scot
Don't know,scot
Don't know,scot
Don't know,scot
Don't know,scot
Don't know,scot
Don't know,scot
Don't know,scot
Don't know,scot
