Admit,Gender,Dept
Admitted,Male,A
Admitted,Male,A
Admitted,Male,A
Admitted,Male,A
Admitted,Male,A
Admitted,Male,A
Admitted,Male,A
Admitted,Male,A
Admitted,Male,A
Admitted,Male,A
Admitted,Male,A
Admitted,Male,A
Admitted,Male,A
Admitted,Male,A
Admitted,Male,A
Admitted,Male,A
Admitted,Male,A
Admitted,Male,A
Admitted,Male,A
Admitted,Male,A
Admitted,Male,A
Admitted,Male,A
Admitted,Male,A
Admitted,Male,A
Admitted,Male,A
Admitted,Male,A
Admitted,Male,A
Admitted,Male,A
Admitted,Male,A
Admitted,Male,A
Admitted,Male,A
Admitted,Male,A
Admitted,Male,A
Admitted,Male,A
Admitted,Male,A
Admitted,Male,A
Admitted,Male,A
Admitted,Male,A
Admitted,Male,A
Admitted,Male,A
Admitted,Male,A
Admitted,Male,A
Admitted,Male,A
Admitted,Male,A
Admitted,Male,A
Admitted,Male,A
Admitted,Male,A
Admitted,Male,A
Admitted,Male,A
Admitted,Male,A
Admitted,Male,A
Admitted,Male,A
Admitted,Male,A
Admitted,Male,A
Admitted,Male,A
Admitted,Male,A
Admitted,Male,A
Admitted,Male,A
Admitted,Male,A
Admitted,Male,A
Admitted,Male,A
Admitted,Male,A
Admitted,Male,A
Admitted,Male,A
Admitted,Male,A
Admitted,Male,A
Admitted,Male,A
Admitted,Male,A
Admitted,Male,A
Admitted,Male,A
Admitted,Male,A
Admitted,Male,A
Admitted,Male,A
Admitted,Male,A
Admitted,Male,A
Admitted,Male,A
Admitted,Male,A
Admitted,Male,A
Admitted,Male,A
Admitted,Male,A
Admitted,Male,A
Admitted,Male,A
Admitted,Male,A
Admitted,Male,A
Admitted,Male,A
Admitted,Male,A
Admitted,Male,A
Admitted,Male,A
Admitted,Male,A
Admitted,Male,A
Admitted,Male,A
Admitted,Male,A
Admitted,Male,A
Admitted,Male,A
Admitted,Male,A
Admitted,Male,A
Admitted,Male,A
Admitted,Male,A
Admitted,Male,A
Admitted,Male,A
Admitted,Male,A
Admitted,Male,A
Admitted,Male,A
Admitted,Male,A
Admitted,Male,A
Admitted,Male,A
Admitted,Male,A
Admitted,Male,A
Admitted,Male,A
Admitted,Male,A
Admitted,Male,A
Admitted,Male,A
Admitted,Male,A
Admitted,Male,A
Admitted,Male,A
Admitted,Male,A
Admitted,Male,A
Admitted,Male,A
Admitted,Male,A
Admitted,Male,A
Admitted,Male,A
Admitted,Male,A
Admitted,Male,A
Admitted,Male,A
Admitted,Male,A
Admitted,Male,A
Admitted,Male,A
Admitted,Male,A
Admitted,Male,A
Admitted,Male,A
Admitted,Male,A
Admitted,Male,A
Admitted,Male,A
Admitted,Male,A
Admitted,Male,A
Admitted,Male,A
Admitted,Male,A
Admitted,Male,A
Admitted,Male,A
Admitted,Male,A
Admitted,Male,A
Admitted,Male,A
Admitted,Male,A
Admitted,Male,A
Admitted,Male,A
Admitted,Male,A
Admitted,Male,A
Admitted,Male,A
Admitted,Male,A
Admitted,Male,A
Admitted,Male,A
Admitted,Male,A
Admitted,Male,A
Admitted,Male,A
Admitted,Male,A
Admitted,Male,A
Admitted,Male,A
Admitted,Male,A
Admitted,Male,A
Admitted,Male,A
Admitted,Male,A
Admitted,Male,A
Admitted,Male,A
Admitted,Male,A
Admitted,Male,A
Admitted,Male,A
Admitted,Male,A
Admitted,Male,A
Admitted,Male,A
Admitted,Male,A
Admitted,Male,A
Admitted,Male,A
Admitted,Male,A
Admitted,Male,A
Admitted,Male,A
Admitted,Male,A
Admitted,Male,A
Admitted,Male,A
Admitted,Male,A
Admitted,Male,A
Admitted,Male,A
Admitted,Male,A
Admitted,Male,A
Admitted,Male,A
Admitted,Male,A
Admitted,Male,A
Admitted,Male,A
Admitted,Male,A
Admitted,Male,A
Admitted,Male,A
Admitted,Male,A
Admitted,Male,A
Admitted,Male,A
Admitted,Male,A
Admitted,Male,A
Admitted,Male,A
Admitted,Male,A
Admitted,Male,A
Admitted,Male,A
Admitted,Male,A
Admitted,Male,A
Admitted,Male,A
Admitted,Male,A
Admitted,Male,A
Admitted,Male,A
Admitted,Male,A
Admitted,Male,A
Admitted,Male,A
Admitted,Male,A
Admitted,Male,A
Admitted,Male,A
Admitted,Male,A
Admitted,Male,A
Admitted,Male,A
Admitted,Male,A
Admitted,Male,A
Admitted,Male,A
Admitted,Male,A
Admitted,Male,A
Admitted,Male,A
Admitted,Male,A
Admitted,Male,A
Admitted,Male,A
Admitted,Male,A
Admitted,Male,A
Admitted,Male,A
Admitted,Male,A
Admitted,Male,A
Admitted,Male,A
Admitted,Male,A
Admitted,Male,A
Admitted,Male,A
Admitted,Male,A
Admitted,Male,A
Admitted,Male,A
Admitted,Male,A
Admitted,Male,A
Admitted,Male,A
Admitted,Male,A
Admitted,Male,A
Admitted,Male,A
Admitted,Male,A
Admitted,Male,A
Admitted,Male,A
Admitted,Male,A
Admitted,Male,A
Admitted,Male,A
Admitted,Male,A
Admitted,Male,A
Admitted,Male,A
Admitted,Male,A
Admitted,Male,A
Admitted,Male,A
Admitted,Male,A
Admitted,Male,A
Admitted,Male,A
Admitted,Male,A
Admitted,Male,A
Admitted,Male,A
Admitted,Male,A
Admitted,Male,A
Admitted,Male,A
Admitted,Male,A
Admitted,Male,A
Admitted,Male,A
Admitted,Male,A
Admitted,Male,A
Admitted,Male,A
Admitted,Male,A
Admitted,Male,A
Admitted,Male,A
Admitted,Male,A
Admitted,Male,A
Admitted,Male,A
Admitted,Male,A
Admitted,Male,A
Admitted,Male,A
Admitted,Male,A
Admitted,Male,A
Admitted,Male,A
Admitted,Male,A
Admitted,Male,A
Admitted,Male,A
Admitted,Male,A
Admitted,Male,A
Admitted,Male,A
Admitted,Male,A
Admitted,Male,A
Admitted,Male,A
Admitted,Male,A
Admitted,Male,A
Admitted,Male,A
Admitted,Male,A
Admitted,Male,A
Admitted,Male,A
Admitted,Male,A
Admitted,Male,A
Admitted,Male,A
Admitted,Male,A
Admitted,Male,A
Admitted,Male,A
Admitted,Male,A
Admitted,Male,A
Admitted,Male,A
Admitted,Male,A
Admitted,Male,A
Admitted,Male,A
Admitted,Male,A
Admitted,Male,A
Admitted,Male,A
Admitted,Male,A
Admitted,Male,A
Admitted,Male,A
Admitted,Male,A
Admitted,Male,A
Admitted,Male,A
Admitted,Male,A
Admitted,Male,A
Admitted,Male,A
Admitted,Male,A
Admitted,Male,A
Admitted,Male,A
Admitted,Male,A
Admitted,Male,A
Admitted,Male,A
Admitted,Male,A
Admitted,Male,A
Admitted,Male,A
Admitted,Male,A
Admitted,Male,A
Admitted,Male,A
Admitted,Male,A
Admitted,Male,A
Admitted,Male,A
Admitted,Male,A
Admitted,Male,A
Admitted,Male,A
Admitted,Male,A
Admitted,Male,A
Admitted,Male,A
Admitted,Male,A
Admitted,Male,A
Admitted,Male,A
Admitted,Male,A
Admitted,Male,A
Admitted,Male,A
Admitted,Male,A
Admitted,Male,A
Admitted,Male,A
Admitted,Male,A
Admitted,Male,A
Admitted,Male,A
Admitted,Male,A
Admitted,Male,A
Admitted,Male,A
Admitted,Male,A
Admitted,Male,A
Admitted,Male,A
Admitted,Male,A
Admitted,Male,A
Admitted,Male,A
Admitted,Male,A
Admitted,Male,A
Admitted,Male,A
Admitted,Male,A
Admitted,Male,A
Admitted,Male,A
Admitted,Male,A
Admitted,Male,A
Admitted,Male,A
Admitted,Male,A
Admitted,Male,A
Admitted,Male,A
Admitted,Male,A
Admitted,Male,A
Admitted,Male,A
Admitted,Male,A
Admitted,Male,A
Admitted,Male,A
Admitted,Male,A
Admitted,Male,A
Admitted,Male,A
Admitted,Male,A
Admitted,Male,A
Admitted,Male,A
Admitted,Male,A
Admitted,Male,A
Admitted,Male,A
Admitted,Male,A
Admitted,Male,A
Admitted,Male,A
Admitted,Male,A
Admitted,Male,A
Admitted,Male,A
Admitted,Male,A
Admitted,Male,A
Admitted,Male,A
Admitted,Male,A
Admitted,Male,A
Admitted,Male,A
Admitted,Male,A
Admitted,Male,A
Admitted,Male,A
Admitted,Male,A
Admitted,Male,A
Admitted,Male,A
Admitted,Male,A
Admitted,Male,A
Admitted,Male,A
Admitted,Male,A
Admitted,Male,A
Admitted,Male,A
Admitted,Male,A
Admitted,Male,A
Admitted,Male,A
Admitted,Male,A
Admitted,Male,A
Admitted,Male,A
Admitted,Male,A
Admitted,Male,A
Admitted,Male,A
Admitted,Male,A
Admitted,Male,A
Admitted,Male,A
Admitted,Male,A
Admitted,Male,A
Admitted,Male,A
Admitted,Male,A
Admitted,Male,A
Admitted,Male,A
Admitted,Male,A
Admitted,Male,A
Admitted,Male,A
Admitted,Male,A
Admitted,Male,A
Admitted,Male,A
Admitted,Male,A
Admitted,Male,A
Admitted,Male,A
Admitted,Male,A
Admitted,Male,A
Admitted,Male,A
Admitted,Male,A
Admitted,Male,A
Admitted,Male,A
Admitted,Male,A
Admitted,Male,A
Admitted,Male,A
Admitted,Male,A
Admitted,Male,A
Admitted,Male,A
Admitted,Male,A
Admitted,Male,A
Admitted,Male,A
Admitted,Male,A
Admitted,Male,A
Admitted,Male,A
Admitted,Male,A
Admitted,Male,A
Admitted,Male,A
Admitted,Male,A
Admitted,Male,A
Admitted,Male,A
Admitted,Male,A
Admitted,Male,A
Admitted,Male,A
Admitted,Male,A
Admitted,Male,A
Admitted,Male,A
Admitted,Male,A
Admitted,Male,A
Admitted,Male,A
Admitted,Male,A
Admitted,Male,A
Admitted,Male,A
Admitted,Male,A
Admitted,Male,A
Admitted,Male,A
Admitted,Male,A
Admitted,Male,A
Admitted,Male,A
Admitted,Male,A
Admitted,Male,A
Admitted,Male,A
Admitted,Male,A
Admitted,Male,A
Admitted,Male,A
Admitted,Male,A
Admitted,Male,A
Admitted,Male,A
Admitted,Male,A
Admitted,Male,A
Admitted,Male,A
Admitted,Male,A
Admitted,Male,A
Admitted,Male,A
Admitted,Male,A
Admitted,Male,A
Admitted,Male,A
Admitted,Male,A
Admitted,Male,A
Admitted,Male,A
Admitted,Male,A
Admitted,Male,A
Admitted,Male,A
Admitted,Male,A
Admitted,Male,A
Admitted,Male,A
Admitted,Male,A
Admitted,Male,A
Admitted,Male,A
Admitted,Male,A
Rejected,Male,A
Rejected,Male,A
Rejected,Male,A
Rejected,Male,A
Rejected,Male,A
Rejected,Male,A
Rejected,Male,A
Rejected,Male,A
Rejected,Male,A
Rejected,Male,A
Rejected,Male,A
Rejected,Male,A
Rejected,Male,A
Rejected,Male,A
Rejected,Male,A
Rejected,Male,A
Rejected,Male,A
Rejected,Male,A
Rejected,Male,A
Rejected,Male,A
Rejected,Male,A
Rejected,Male,A
Rejected,Male,A
Rejected,Male,A
Rejected,Male,A
Rejected,Male,A
Rejected,Male,A
Rejected,Male,A
Rejected,Male,A
Rejected,Male,A
Rejected,Male,A
Rejected,Male,A
Rejected,Male,A
Rejected,Male,A
Rejected,Male,A
Rejected,Male,A
Rejected,Male,A
Rejected,Male,A
Rejected,Male,A
Rejected,Male,A
Rejected,Male,A
Rejected,Male,A
Rejected,Male,A
Rejected,Male,A
Rejected,Male,A
Rejected,Male,A
Rejected,Male,A
Rejected,Male,A
Rejected,Male,A
Rejected,Male,A
Rejected,Male,A
Rejected,Male,A
Rejected,Male,A
Rejected,Male,A
Rejected,Male,A
Rejected,Male,A
Rejected,Male,A
Rejected,Male,A
Rejected,Male,A
Rejected,Male,A
Rejected,Male,A
Rejected,Male,A
Rejected,Male,A
Rejected,Male,A
Rejected,Male,A
Rejected,Male,A
Rejected,Male,A
Rejected,Male,A
Rejected,Male,A
Rejected,Male,A
Rejected,Male,A
Rejected,Male,A
Rejected,Male,A
Rejected,Male,A
Rejected,Male,A
Rejected,Male,A
Rejected,Male,A
Rejected,Male,A
Rejected,Male,A
Rejected,Male,A
Rejected,Male,A
Rejected,Male,A
Rejected,Male,A
Rejected,Male,A
Rejected,Male,A
Rejected,Male,A
Rejected,Male,A
Rejected,Male,A
Rejected,Male,A
Rejected,Male,A
Rejected,Male,A
Rejected,Male,A
Rejected,Male,A
Rejected,Male,A
Rejected,Male,A
Rejected,Male,A
Rejected,Male,A
Rejected,Male,A
Rejected,Male,A
Rejected,Male,A
Rejected,Male,A
Rejected,Male,A
Rejected,Male,A
Rejected,Male,A
Rejected,Male,A
Rejected,Male,A
Rejected,Male,A
Rejected,Male,A
Rejected,Male,A
Rejected,Male,A
Rejected,Male,A
Rejected,Male,A
Rejected,Male,A
Rejected,Male,A
Rejected,Male,A
Rejected,Male,A
Rejected,Male,A
Rejected,Male,A
Rejected,Male,A
Rejected,Male,A
Rejected,Male,A
Rejected,Male,A
Rejected,Male,A
Rejected,Male,A
Rejected,Male,A
Rejected,Male,A
Rejected,Male,A
Rejected,Male,A
Rejected,Male,A
Rejected,Male,A
Rejected,Male,A
Rejected,Male,A
Rejected,Male,A
Rejected,Male,A
Rejected,Male,A
Rejected,Male,A
Rejected,Male,A
Rejected,Male,A
Rejected,Male,A
Rejected,Male,A
Rejected,Male,A
Rejected,Male,A
Rejected,Male,A
Rejected,Male,A
Rejected,Male,A
Rejected,Male,A
Rejected,Male,A
Rejected,Male,A
Rejected,Male,A
Rejected,Male,A
Rejected,Male,A
Rejected,Male,A
Rejected,Male,A
Rejected,Male,A
Rejected,Male,A
Rejected,Male,A
Rejected,Male,A
Rejected,Male,A
Rejected,Male,A
Rejected,Male,A
Rejected,Male,A
Rejected,Male,A
Rejected,Male,A
Rejected,Male,A
Rejected,Male,A
Rejected,Male,A
Rejected,Male,A
Rejected,Male,A
Rejected,Male,A
Rejected,Male,A
Rejected,Male,A
Rejected,Male,A
Rejected,Male,A
Rejected,Male,A
Rejected,Male,A
Rejected,Male,A
Rejected,Male,A
Rejected,Male,A
Rejected,Male,A
Rejected,Male,A
Rejected,Male,A
Rejected,Male,A
Rejected,Male,A
Rejected,Male,A
Rejected,Male,A
Rejected,Male,A
Rejected,Male,A
Rejected,Male,A
Rejected,Male,A
Rejected,Male,A
Rejected,Male,A
Rejected,Male,A
Rejected,Male,A
Rejected,Male,A
Rejected,Male,A
Rejected,Male,A
Rejected,Male,A
Rejected,Male,A
Rejected,Male,A
Rejected,Male,A
Rejected,Male,A
Rejected,Male,A
Rejected,Male,A
Rejected,Male,A
Rejected,Male,A
Rejected,Male,A
Rejected,Male,A
Rejected,Male,A
Rejected,Male,A
Rejected,Male,A
Rejected,Male,A
Rejected,Male,A
Rejected,Male,A
Rejected,Male,A
Rejected,Male,A
Rejected,Male,A
Rejected,Male,A
Rejected,Male,A
Rejected,Male,A
Rejected,Male,A
Rejected,Male,A
Rejected,Male,A
Rejected,Male,A
Rejected,Male,A
Rejected,Male,A
Rejected,Male,A
Rejected,Male,A
Rejected,Male,A
Rejected,Male,A
Rejected,Male,A
Rejected,Male,A
Rejected,Male,A
Rejected,Male,A
Rejected,Male,A
Rejected,Male,A
Rejected,Male,A
Rejected,Male,A
Rejected,Male,A
Rejected,Male,A
Rejected,Male,A
Rejected,Male,A
Rejected,Male,A
Rejected,Male,A
Rejected,Male,A
Rejected,Male,A
Rejected,Male,A
Rejected,Male,A
Rejected,Male,A
Rejected,Male,A
Rejected,Male,A
Rejected,Male,A
Rejected,Male,A
Rejected,Male,A
Rejected,Male,A
Rejected,Male,A
Rejected,Male,A
Rejected,Male,A
Rejected,Male,A
Rejected,Male,A
Rejected,Male,A
Rejected,Male,A
Rejected,Male,A
Rejected,Male,A
Rejected,Male,A
Rejected,Male,A
Rejected,Male,A
Rejected,Male,A
Rejected,Male,A
Rejected,Male,A
Rejected,Male,A
Rejected,Male,A
Rejected,Male,A
Rejected,Male,A
Rejected,Male,A
Rejected,Male,A
Rejected,Male,A
Rejected,Male,A
Rejected,Male,A
Rejected,Male,A
Rejected,Male,A
Rejected,Male,A
Rejected,Male,A
Rejected,Male,A
Rejected,Male,A
Rejected,Male,A
Rejected,Male,A
Rejected,Male,A
Rejected,Male,A
Rejected,Male,A
Rejected,Male,A
Rejected,Male,A
Rejected,Male,A
Rejected,Male,A
Rejected,Male,A
Rejected,Male,A
Rejected,Male,A
Rejected,Male,A
Rejected,Male,A
Rejected,Male,A
Rejected,Male,A
Rejected,Male,A
Rejected,Male,A
Rejected,Male,A
Rejected,Male,A
Rejected,Male,A
Rejected,Male,A
Rejected,Male,A
Rejected,Male,A
Rejected,Male,A
Rejected,Male,A
Rejected,Male,A
Rejected,Male,A
Rejected,Male,A
Admitted,Female,A
Admitted,Female,A
Admitted,Female,A
Admitted,Female,A
Admitted,Female,A
Admitted,Female,A
Admitted,Female,A
Admitted,Female,A
Admitted,Female,A
Admitted,Female,A
Admitted,Female,A
Admitted,Female,A
Admitted,Female,A
Admitted,Female,A
Admitted,Female,A
Admitted,Female,A
Admitted,Female,A
Admitted,Female,A
Admitted,Female,A
Admitted,Female,A
Admitted,Female,A
Admitted,Female,A
Admitted,Female,A
Admitted,Female,A
Admitted,Female,A
Admitted,Female,A
Admitted,Female,A
Admitted,Female,A
Admitted,Female,A
Admitted,Female,A
Admitted,Female,A
Admitted,Female,A
Admitted,Female,A
Admitted,Female,A
Admitted,Female,A
Admitted,Female,A
Admitted,Female,A
Admitted,Female,A
Admitted,Female,A
Admitted,Female,A
Admitted,Female,A
Admitted,Female,A
Admitted,Female,A
Admitted,Female,A
Admitted,Female,A
Admitted,Female,A
Admitted,Female,A
Admitted,Female,A
Admitted,Female,A
Admitted,Female,A
Admitted,Female,A
Admitted,Female,A
Admitted,Female,A
Admitted,Female,A
Admitted,Female,A
Admitted,Female,A
Admitted,Female,A
Admitted,Female,A
Admitted,Female,A
Admitted,Female,A
Admitted,Female,A
Admitted,Female,A
Admitted,Female,A
Admitted,Female,A
Admitted,Female,A
Admitted,Female,A
Admitted,Female,A
Admitted,Female,A
Admitted,Female,A
Admitted,Female,A
Admitted,Female,A
Admitted,Female,A
Admitted,Female,A
Admitted,Female,A
Admitted,Female,A
Admitted,Female,A
Admitted,Female,A
Admitted,Female,A
Admitted,Female,A
Admitted,Female,A
Admitted,Female,A
Admitted,Female,A
Admitted,Female,A
Admitted,Female,A
Admitted,Female,A
Admitted,Female,A
Admitted,Female,A
Admitted,Female,A
Admitted,Female,A
Rejected,Female,A
Rejected,Female,A
Rejected,Female,A
Rejected,Female,A
Rejected,Female,A
Rejected,Female,A
Rejected,Female,A
Rejected,Female,A
Rejected,Female,A
Rejected,Female,A
Rejected,Female,A
Rejected,Female,A
Rejected,Female,A
Rejected,Female,A
Rejected,Female,A
Rejected,Female,A
Rejected,Female,A
Rejected,Female,A
Rejected,Female,A
Admitted,Male,B
Admitted,Male,B
Admitted,Male,B
Admitted,Male,B
Admitted,Male,B
Admitted,Male,B
Admitted,Male,B
Admitted,Male,B
Admitted,Male,B
Admitted,Male,B
Admitted,Male,B
Admitted,Male,B
Admitted,Male,B
Admitted,Male,B
Admitted,Male,B
Admitted,Male,B
Admitted,Male,B
Admitted,Male,B
Admitted,Male,B
Admitted,Male,B
Admitted,Male,B
Admitted,Male,B
Admitted,Male,B
Admitted,Male,B
Admitted,Male,B
Admitted,Male,B
Admitted,Male,B
Admitted,Male,B
Admitted,Male,B
Admitted,Male,B
Admitted,Male,B
Admitted,Male,B
Admitted,Male,B
Admitted,Male,B
Admitted,Male,B
Admitted,Male,B
Admitted,Male,B
Admitted,Male,B
Admitted,Male,B
Admitted,Male,B
Admitted,Male,B
Admitted,Male,B
Admitted,Male,B
Admitted,Male,B
Admitted,Male,B
Admitted,Male,B
Admitted,Male,B
Admitted,Male,B
Admitted,Male,B
Admitted,Male,B
Admitted,Male,B
Admitted,Male,B
Admitted,Male,B
Admitted,Male,B
Admitted,Male,B
Admitted,Male,B
Admitted,Male,B
Admitted,Male,B
Admitted,Male,B
Admitted,Male,B
Admitted,Male,B
Admitted,Male,B
Admitted,Male,B
Admitted,Male,B
Admitted,Male,B
Admitted,Male,B
Admitted,Male,B
Admitted,Male,B
Admitted,Male,B
Admitted,Male,B
Admitted,Male,B
Admitted,Male,B
Admitted,Male,B
Admitted,Male,B
Admitted,Male,B
Admitted,Male,B
Admitted,Male,B
Admitted,Male,B
Admitted,Male,B
Admitted,Male,B
Admitted,Male,B
Admitted,Male,B
Admitted,Male,B
Admitted,Male,B
Admitted,Male,B
Admitted,Male,B
Admitted,Male,B
Admitted,Male,B
Admitted,Male,B
Admitted,Male,B
Admitted,Male,B
Admitted,Male,B
Admitted,Male,B
Admitted,Male,B
Admitted,Male,B
Admitted,Male,B
Admitted,Male,B
Admitted,Male,B
Admitted,Male,B
Admitted,Male,B
Admitted,Male,B
Admitted,Male,B
Admitted,Male,B
Admitted,Male,B
Admitted,Male,B
Admitted,Male,B
Admitted,Male,B
Admitted,Male,B
Admitted,Male,B
Admitted,Male,B
Admitted,Male,B
Admitted,Male,B
Admitted,Male,B
Admitted,Male,B
Admitted,Male,B
Admitted,Male,B
Admitted,Male,B
Admitted,Male,B
Admitted,Male,B
Admitted,Male,B
Admitted,Male,B
Admitted,Male,B
Admitted,Male,B
Admitted,Male,B
Admitted,Male,B
Admitted,Male,B
Admitted,Male,B
Admitted,Male,B
Admitted,Male,B
Admitted,Male,B
Admitted,Male,B
Admitted,Male,B
Admitted,Male,B
Admitted,Male,B
Admitted,Male,B
Admitted,Male,B
Admitted,Male,B
Admitted,Male,B
Admitted,Male,B
Admitted,Male,B
Admitted,Male,B
Admitted,Male,B
Admitted,Male,B
Admitted,Male,B
Admitted,Male,B
Admitted,Male,B
Admitted,Male,B
Admitted,Male,B
Admitted,Male,B
Admitted,Male,B
Admitted,Male,B
Admitted,Male,B
Admitted,Male,B
Admitted,Male,B
Admitted,Male,B
Admitted,Male,B
Admitted,Male,B
Admitted,Male,B
Admitted,Male,B
Admitted,Male,B
Admitted,Male,B
Admitted,Male,B
Admitted,Male,B
Admitted,Male,B
Admitted,Male,B
Admitted,Male,B
Admitted,Male,B
Admitted,Male,B
Admitted,Male,B
Admitted,Male,B
Admitted,Male,B
Admitted,Male,B
Admitted,Male,B
Admitted,Male,B
Admitted,Male,B
Admitted,Male,B
Admitted,Male,B
Admitted,Male,B
Admitted,Male,B
Admitted,Male,B
Admitted,Male,B
Admitted,Male,B
Admitted,Male,B
Admitted,Male,B
Admitted,Male,B
Admitted,Male,B
Admitted,Male,B
Admitted,Male,B
Admitted,Male,B
Admitted,Male,B
Admitted,Male,B
Admitted,Male,B
Admitted,Male,B
Admitted,Male,B
Admitted,Male,B
Admitted,Male,B
Admitted,Male,B
Admitted,Male,B
Admitted,Male,B
Admitted,Male,B
Admitted,Male,B
Admitted,Male,B
Admitted,Male,B
Admitted,Male,B
Admitted,Male,B
Admitted,Male,B
Admitted,Male,B
Admitted,Male,B
Admitted,Male,B
Admitted,Male,B
Admitted,Male,B
Admitted,Male,B
Admitted,Male,B
Admitted,Male,B
Admitted,Male,B
Admitted,Male,B
Admitted,Male,B
Admitted,Male,B
Admitted,Male,B
Admitted,Male,B
Admitted,Male,B
Admitted,Male,B
Admitted,Male,B
Admitted,Male,B
Admitted,Male,B
Admitted,Male,B
Admitted,Male,B
Admitted,Male,B
Admitted,Male,B
Admitted,Male,B
Admitted,Male,B
Admitted,Male,B
Admitted,Male,B
Admitted,Male,B
Admitted,Male,B
Admitted,Male,B
Admitted,Male,B
Admitted,Male,B
Admitted,Male,B
Admitted,Male,B
Admitted,Male,B
Admitted,Male,B
Admitted,Male,B
Admitted,Male,B
Admitted,Male,B
Admitted,Male,B
Admitted,Male,B
Admitted,Male,B
Admitted,Male,B
Admitted,Male,B
Admitted,Male,B
Admitted,Male,B
Admitted,Male,B
Admitted,Male,B
Admitted,Male,B
Admitted,Male,B
Admitted,Male,B
Admitted,Male,B
Admitted,Male,B
Admitted,Male,B
Admitted,Male,B
Admitted,Male,B
Admitted,Male,B
Admitted,Male,B
Admitted,Male,B
Admitted,Male,B
Admitted,Male,B
Admitted,Male,B
Admitted,Male,B
Admitted,Male,B
Admitted,Male,B
Admitted,Male,B
Admitted,Male,B
Admitted,Male,B
Admitted,Male,B
Admitted,Male,B
Admitted,Male,B
Admitted,Male,B
Admitted,Male,B
Admitted,Male,B
Admitted,Male,B
Admitted,Male,B
Admitted,Male,B
Admitted,Male,B
Admitted,Male,B
Admitted,Male,B
Admitted,Male,B
Admitted,Male,B
Admitted,Male,B
Admitted,Male,B
Admitted,Male,B
Admitted,Male,B
Admitted,Male,B
Admitted,Male,B
Admitted,Male,B
Admitted,Male,B
Admitted,Male,B
Admitted,Male,B
Admitted,Male,B
Admitted,Male,B
Admitted,Male,B
Admitted,Male,B
Admitted,Male,B
Admitted,Male,B
Admitted,Male,B
Admitted,Male,B
Admitted,Male,B
Admitted,Male,B
Admitted,Male,B
Admitted,Male,B
Admitted,Male,B
Admitted,Male,B
Admitted,Male,B
Admitted,Male,B
Admitted,Male,B
Admitted,Male,B
Admitted,Male,B
Admitted,Male,B
Admitted,Male,B
Admitted,Male,B
Admitted,Male,B
Admitted,Male,B
Admitted,Male,B
Admitted,Male,B
Admitted,Male,B
Admitted,Male,B
Admitted,Male,B
Admitted,Male,B
Admitted,Male,B
Admitted,Male,B
Admitted,Male,B
Admitted,Male,B
Admitted,Male,B
Admitted,Male,B
Admitted,Male,B
Admitted,Male,B
Admitted,Male,B
Admitted,Male,B
Admitted,Male,B
Admitted,Male,B
Admitted,Male,B
Admitted,Male,B
Admitted,Male,B
Admitted,Male,B
Admitted,Male,B
Admitted,Male,B
Admitted,Male,B
Admitted,Male,B
Admitted,Male,B
Admitted,Male,B
Admitted,Male,B
Admitted,Male,B
Admitted,Male,B
Rejected,Male,B
Rejected,Male,B
Rejected,Male,B
Rejected,Male,B
Rejected,Male,B
Rejected,Male,B
Rejected,Male,B
Rejected,Male,B
Rejected,Male,B
Rejected,Male,B
Rejected,Male,B
Rejected,Male,B
Rejected,Male,B
Rejected,Male,B
Rejected,Male,B
Rejected,Male,B
Rejected,Male,B
Rejected,Male,B
Rejected,Male,B
Rejected,Male,B
Rejected,Male,B
Rejected,Male,B
Rejected,Male,B
Rejected,Male,B
Rejected,Male,B
Rejected,Male,B
Rejected,Male,B
Rejected,Male,B
Rejected,Male,B
Rejected,Male,B
Rejected,Male,B
Rejected,Male,B
Rejected,Male,B
Rejected,Male,B
Rejected,Male,B
Rejected,Male,B
Rejected,Male,B
Rejected,Male,B
Rejected,Male,B
Rejected,Male,B
Rejected,Male,B
Rejected,Male,B
Rejected,Male,B
Rejected,Male,B
Rejected,Male,B
Rejected,Male,B
Rejected,Male,B
Rejected,Male,B
Rejected,Male,B
Rejected,Male,B
Rejected,Male,B
Rejected,Male,B
Rejected,Male,B
Rejected,Male,B
Rejected,Male,B
Rejected,Male,B
Rejected,Male,B
Rejected,Male,B
Rejected,Male,B
Rejected,Male,B
Rejected,Male,B
Rejected,Male,B
Rejected,Male,B
Rejected,Male,B
Rejected,Male,B
Rejected,Male,B
Rejected,Male,B
Rejected,Male,B
Rejected,Male,B
Rejected,Male,B
Rejected,Male,B
Rejected,Male,B
Rejected,Male,B
Rejected,Male,B
Rejected,Male,B
Rejected,Male,B
Rejected,Male,B
Rejected,Male,B
Rejected,Male,B
Rejected,Male,B
Rejected,Male,B
Rejected,Male,B
Rejected,Male,B
Rejected,Male,B
Rejected,Male,B
Rejected,Male,B
Rejected,Male,B
Rejected,Male,B
Rejected,Male,B
Rejected,Male,B
Rejected,Male,B
Rejected,Male,B
Rejected,Male,B
Rejected,Male,B
Rejected,Male,B
Rejected,Male,B
Rejected,Male,B
Rejected,Male,B
Rejected,Male,B
Rejected,Male,B
Rejected,Male,B
Rejected,Male,B
Rejected,Male,B
Rejected,Male,B
Rejected,Male,B
Rejected,Male,B
Rejected,Male,B
Rejected,Male,B
Rejected,Male,B
Rejected,Male,B
Rejected,Male,B
Rejected,Male,B
Rejected,Male,B
Rejected,Male,B
Rejected,Male,B
Rejected,Male,B
Rejected,Male,B
Rejected,Male,B
Rejected,Male,B
Rejected,Male,B
Rejected,Male,B
Rejected,Male,B
Rejected,Male,B
Rejected,Male,B
Rejected,Male,B
Rejected,Male,B
Rejected,Male,B
Rejected,Male,B
Rejected,Male,B
Rejected,Male,B
Rejected,Male,B
Rejected,Male,B
Rejected,Male,B
Rejected,Male,B
Rejected,Male,B
Rejected,Male,B
Rejected,Male,B
Rejected,Male,B
Rejected,Male,B
Rejected,Male,B
Rejected,Male,B
Rejected,Male,B
Rejected,Male,B
Rejected,Male,B
Rejected,Male,B
Rejected,Male,B
Rejected,Male,B
Rejected,Male,B
Rejected,Male,B
Rejected,Male,B
Rejected,Male,B
Rejected,Male,B
Rejected,Male,B
Rejected,Male,B
Rejected,Male,B
Rejected,Male,B
Rejected,Male,B
Rejected,Male,B
Rejected,Male,B
Rejected,Male,B
Rejected,Male,B
Rejected,Male,B
Rejected,Male,B
Rejected,Male,B
Rejected,Male,B
Rejected,Male,B
Rejected,Male,B
Rejected,Male,B
Rejected,Male,B
Rejected,Male,B
Rejected,Male,B
Rejected,Male,B
Rejected,Male,B
Rejected,Male,B
Rejected,Male,B
Rejected,Male,B
Rejected,Male,B
Rejected,Male,B
Rejected,Male,B
Rejected,Male,B
Rejected,Male,B
Rejected,Male,B
Rejected,Male,B
Rejected,Male,B
Rejected,Male,B
Rejected,Male,B
Rejected,Male,B
Rejected,Male,B
Rejected,Male,B
Rejected,Male,B
Rejected,Male,B
Rejected,Male,B
Rejected,Male,B
Rejected,Male,B
Rejected,Male,B
Rejected,Male,B
Rejected,Male,B
Rejected,Male,B
Rejected,Male,B
Rejected,Male,B
Rejected,Male,B
Rejected,Male,B
Rejected,Male,B
Rejected,Male,B
Rejected,Male,B
Rejected,Male,B
Rejected,Male,B
Admitted,Female,B
Admitted,Female,B
Admitted,Female,B
Admitted,Female,B
Admitted,Female,B
Admitted,Female,B
Admitted,Female,B
Admitted,Female,B
Admitted,Female,B
Admitted,Female,B
Admitted,Female,B
Admitted,Female,B
Admitted,Female,B
Admitted,Female,B
Admitted,Female,B
Admitted,Female,B
Admitted,Female,B
Rejected,Female,B
Rejected,Female,B
Rejected,Female,B
Rejected,Female,B
Rejected,Female,B
Rejected,Female,B
Rejected,Female,B
Rejected,Female,B
Admitted,Male,C
Admitted,Male,C
Admitted,Male,C
Admitted,Male,C
Admitted,Male,C
Admitted,Male,C
Admitted,Male,C
Admitted,Male,C
Admitted,Male,C
Admitted,Male,C
Admitted,Male,C
Admitted,Male,C
Admitted,Male,C
Admitted,Male,C
Admitted,Male,C
Admitted,Male,C
Admitted,Male,C
Admitted,Male,C
Admitted,Male,C
Admitted,Male,C
Admitted,Male,C
Admitted,Male,C
Admitted,Male,C
Admitted,Male,C
Admitted,Male,C
Admitted,Male,C
Admitted,Male,C
Admitted,Male,C
Admitted,Male,C
Admitted,Male,C
Admitted,Male,C
Admitted,Male,C
Admitted,Male,C
Admitted,Male,C
Admitted,Male,C
Admitted,Male,C
Admitted,Male,C
Admitted,Male,C
Admitted,Male,C
Admitted,Male,C
Admitted,Male,C
Admitted,Male,C
Admitted,Male,C
Admitted,Male,C
Admitted,Male,C
Admitted,Male,C
Admitted,Male,C
Admitted,Male,C
Admitted,Male,C
Admitted,Male,C
Admitted,Male,C
Admitted,Male,C
Admitted,Male,C
Admitted,Male,C
Admitted,Male,C
Admitted,Male,C
Admitted,Male,C
Admitted,Male,C
Admitted,Male,C
Admitted,Male,C
Admitted,Male,C
Admitted,Male,C
Admitted,Male,C
Admitted,Male,C
Admitted,Male,C
Admitted,Male,C
Admitted,Male,C
Admitted,Male,C
Admitted,Male,C
Admitted,Male,C
Admitted,Male,C
Admitted,Male,C
Admitted,Male,C
Admitted,Male,C
Admitted,Male,C
Admitted,Male,C
Admitted,Male,C
Admitted,Male,C
Admitted,Male,C
Admitted,Male,C
Admitted,Male,C
Admitted,Male,C
Admitted,Male,C
Admitted,Male,C
Admitted,Male,C
Admitted,Male,C
Admitted,Male,C
Admitted,Male,C
Admitted,Male,C
Admitted,Male,C
Admitted,Male,C
Admitted,Male,C
Admitted,Male,C
Admitted,Male,C
Admitted,Male,C
Admitted,Male,C
Admitted,Male,C
Admitted,Male,C
Admitted,Male,C
Admitted,Male,C
Admitted,Male,C
Admitted,Male,C
Admitted,Male,C
Admitted,Male,C
Admitted,Male,C
Admitted,Male,C
Admitted,Male,C
Admitted,Male,C
Admitted,Male,C
Admitted,Male,C
Admitted,Male,C
Admitted,Male,C
Admitted,Male,C
Admitted,Male,C
Admitted,Male,C
Admitted,Male,C
Admitted,Male,C
Admitted,Male,C
Admitted,Male,C
Admitted,Male,C
Rejected,Male,C
Rejected,Male,C
Rejected,Male,C
Rejected,Male,C
Rejected,Male,C
Rejected,Male,C
Rejected,Male,C
Rejected,Male,C
Rejected,Male,C
Rejected,Male,C
Rejected,Male,C
Rejected,Male,C
Rejected,Male,C
Rejected,Male,C
Rejected,Male,C
Rejected,Male,C
Rejected,Male,C
Rejected,Male,C
Rejected,Male,C
Rejected,Male,C
Rejected,Male,C
Rejected,Male,C
Rejected,Male,C
Rejected,Male,C
Rejected,Male,C
Rejected,Male,C
Rejected,Male,C
Rejected,Male,C
Rejected,Male,C
Rejected,Male,C
Rejected,Male,C
Rejected,Male,C
Rejected,Male,C
Rejected,Male,C
Rejected,Male,C
Rejected,Male,C
Rejected,Male,C
Rejected,Male,C
Rejected,Male,C
Rejected,Male,C
Rejected,Male,C
Rejected,Male,C
Rejected,Male,C
Rejected,Male,C
Rejected,Male,C
Rejected,Male,C
Rejected,Male,C
Rejected,Male,C
Rejected,Male,C
Rejected,Male,C
Rejected,Male,C
Rejected,Male,C
Rejected,Male,C
Rejected,Male,C
Rejected,Male,C
Rejected,Male,C
Rejected,Male,C
Rejected,Male,C
Rejected,Male,C
Rejected,Male,C
Rejected,Male,C
Rejected,Male,C
Rejected,Male,C
Rejected,Male,C
Rejected,Male,C
Rejected,Male,C
Rejected,Male,C
Rejected,Male,C
Rejected,Male,C
Rejected,Male,C
Rejected,Male,C
Rejected,Male,C
Rejected,Male,C
Rejected,Male,C
Rejected,Male,C
Rejected,Male,C
Rejected,Male,C
Rejected,Male,C
Rejected,Male,C
Rejected,Male,C
Rejected,Male,C
Rejected,Male,C
Rejected,Male,C
Rejected,Male,C
Rejected,Male,C
Rejected,Male,C
Rejected,Male,C
Rejected,Male,C
Rejected,Male,C
Rejected,Male,C
Rejected,Male,C
Rejected,Male,C
Rejected,Male,C
Rejected,Male,C
Rejected,Male,C
Rejected,Male,C
Rejected,Male,C
Rejected,Male,C
Rejected,Male,C
Rejected,Male,C
Rejected,Male,C
Rejected,Male,C
Rejected,Male,C
Rejected,Male,C
Rejected,Male,C
Rejected,Male,C
Rejected,Male,C
Rejected,Male,C
Rejected,Male,C
Rejected,Male,C
Rejected,Male,C
Rejected,Male,C
Rejected,Male,C
Rejected,Male,C
Rejected,Male,C
Rejected,Male,C
Rejected,Male,C
Rejected,Male,C
Rejected,Male,C
Rejected,Male,C
Rejected,Male,C
Rejected,Male,C
Rejected,Male,C
Rejected,Male,C
Rejected,Male,C
Rejected,Male,C
Rejected,Male,C
Rejected,Male,C
Rejected,Male,C
Rejected,Male,C
Rejected,Male,C
Rejected,Male,C
Rejected,Male,C
Rejected,Male,C
Rejected,Male,C
Rejected,Male,C
Rejected,Male,C
Rejected,Male,C
Rejected,Male,C
Rejected,Male,C
Rejected,Male,C
Rejected,Male,C
Rejected,Male,C
Rejected,Male,C
Rejected,Male,C
Rejected,Male,C
Rejected,Male,C
Rejected,Male,C
Rejected,Male,C
Rejected,Male,C
Rejected,Male,C
Rejected,Male,C
Rejected,Male,C
Rejected,Male,C
Rejected,Male,C
Rejected,Male,C
Rejected,Male,C
Rejected,Male,C
Rejected,Male,C
Rejected,Male,C
Rejected,Male,C
Rejected,Male,C
Rejected,Male,C
Rejected,Male,C
Rejected,Male,C
Rejected,Male,C
Rejected,Male,C
Rejected,Male,C
Rejected,Male,C
Rejected,Male,C
Rejected,Male,C
Rejected,Male,C
Rejected,Male,C
Rejected,Male,C
Rejected,Male,C
Rejected,Male,C
Rejected,Male,C
Rejected,Male,C
Rejected,Male,C
Rejected,Male,C
Rejected,Male,C
Rejected,Male,C
Rejected,Male,C
Rejected,Male,C
Rejected,Male,C
Rejected,Male,C
Rejected,Male,C
Rejected,Male,C
Rejected,Male,C
Rejected,Male,C
Rejected,Male,C
Rejected,Male,C
Rejected,Male,C
Rejected,Male,C
Rejected,Male,C
Rejected,Male,C
Rejected,Male,C
Rejected,Male,C
Rejected,Male,C
Rejected,Male,C
Rejected,Male,C
Rejected,Male,C
Rejected,Male,C
Rejected,Male,C
Rejected,Male,C
Admitted,Female,C
Admitted,Female,C
Admitted,Female,C
Admitted,Female,C
Admitted,Female,C
Admitted,Female,C
Admitted,Female,C
Admitted,Female,C
Admitted,Female,C
Admitted,Female,C
Admitted,Female,C
Admitted,Female,C
Admitted,Female,C
Admitted,Female,C
Admitted,Female,C
Admitted,Female,C
Admitted,Female,C
Admitted,Female,C
Admitted,Female,C
Admitted,Female,C
Admitted,Female,C
Admitted,Female,C
Admitted,Female,C
Admitted,Female,C
Admitted,Female,C
Admitted,Female,C
Admitted,Female,C
Admitted,Female,C
Admitted,Female,C
Admitted,Female,C
Admitted,Female,C
Admitted,Female,C
Admitted,Female,C
Admitted,Female,C
Admitted,Female,C
Admitted,Female,C
Admitted,Female,C
Admitted,Female,C
Admitted,Female,C
Admitted,Female,C
Admitted,Female,C
Admitted,Female,C
Admitted,Female,C
Admitted,Female,C
Admitted,Female,C
Admitted,Female,C
Admitted,Female,C
Admitted,Female,C
Admitted,Female,C
Admitted,Female,C
Admitted,Female,C
Admitted,Female,C
Admitted,Female,C
Admitted,Female,C
Admitted,Female,C
Admitted,Female,C
Admitted,Female,C
Admitted,Female,C
Admitted,Female,C
Admitted,Female,C
Admitted,Female,C
Admitted,Female,C
Admitted,Female,C
Admitted,Female,C
Admitted,Female,C
Admitted,Female,C
Admitted,Female,C
Admitted,Female,C
Admitted,Female,C
Admitted,Female,C
Admitted,Female,C
Admitted,Female,C
Admitted,Female,C
Admitted,Female,C
Admitted,Female,C
Admitted,Female,C
Admitted,Female,C
Admitted,Female,C
Admitted,Female,C
Admitted,Female,C
Admitted,Female,C
Admitted,Female,C
Admitted,Female,C
Admitted,Female,C
Admitted,Female,C
Admitted,Female,C
Admitted,Female,C
Admitted,Female,C
Admitted,Female,C
Admitted,Female,C
Admitted,Female,C
Admitted,Female,C
Admitted,Female,C
Admitted,Female,C
Admitted,Female,C
Admitted,Female,C
Admitted,Female,C
Admitted,Female,C
Admitted,Female,C
Admitted,Female,C
Admitted,Female,C
Admitted,Female,C
Admitted,Female,C
Admitted,Female,C
Admitted,Female,C
Admitted,Female,C
Admitted,Female,C
Admitted,Female,C
Admitted,Female,C
Admitted,Female,C
Admitted,Female,C
Admitted,Female,C
Admitted,Female,C
Admitted,Female,C
Admitted,Female,C
Admitted,Female,C
Admitted,Female,C
Admitted,Female,C
Admitted,Female,C
Admitted,Female,C
Admitted,Female,C
Admitted,Female,C
Admitted,Female,C
Admitted,Female,C
Admitted,Female,C
Admitted,Female,C
Admitted,Female,C
Admitted,Female,C
Admitted,Female,C
Admitted,Female,C
Admitted,Female,C
Admitted,Female,C
Admitted,Female,C
Admitted,Female,C
Admitted,Female,C
Admitted,Female,C
Admitted,Female,C
Admitted,Female,C
Admitted,Female,C
Admitted,Female,C
Admitted,Female,C
Admitted,Female,C
Admitted,Female,C
Admitted,Female,C
Admitted,Female,C
Admitted,Female,C
Admitted,Female,C
Admitted,Female,C
Admitted,Female,C
Admitted,Female,C
Admitted,Female,C
Admitted,Female,C
Admitted,Female,C
Admitted,Female,C
Admitted,Female,C
Admitted,Female,C
Admitted,Female,C
Admitted,Female,C
Admitted,Female,C
Admitted,Female,C
Admitted,Female,C
Admitted,Female,C
Admitted,Female,C
Admitted,Female,C
Admitted,Female,C
Admitted,Female,C
Admitted,Female,C
Admitted,Female,C
Admitted,Female,C
Admitted,Female,C
Admitted,Female,C
Admitted,Female,C
Admitted,Female,C
Admitted,Female,C
Admitted,Female,C
Admitted,Female,C
Admitted,Female,C
Admitted,Female,C
Admitted,Female,C
Admitted,Female,C
Admitted,Female,C
Admitted,Female,C
Admitted,Female,C
Admitted,Female,C
Admitted,Female,C
Admitted,Female,C
Admitted,Female,C
Admitted,Female,C
Admitted,Female,C
Admitted,Female,C
Admitted,Female,C
Admitted,Female,C
Admitted,Female,C
Admitted,Female,C
Admitted,Female,C
Admitted,Female,C
Admitted,Female,C
Admitted,Female,C
Admitted,Female,C
Admitted,Female,C
Admitted,Female,C
Admitted,Female,C
Rejected,Female,C
Rejected,Female,C
Rejected,Female,C
Rejected,Female,C
Rejected,Female,C
Rejected,Female,C
Rejected,Female,C
Rejected,Female,C
Rejected,Female,C
Rejected,Female,C
Rejected,Female,C
Rejected,Female,C
Rejected,Female,C
Rejected,Female,C
Rejected,Female,C
Rejected,Female,C
Rejected,Female,C
Rejected,Female,C
Rejected,Female,C
Rejected,Female,C
Rejected,Female,C
Rejected,Female,C
Rejected,Female,C
Rejected,Female,C
Rejected,Female,C
Rejected,Female,C
Rejected,Female,C
Rejected,Female,C
Rejected,Female,C
Rejected,Female,C
Rejected,Female,C
Rejected,Female,C
Rejected,Female,C
Rejected,Female,C
Rejected,Female,C
Rejected,Female,C
Rejected,Female,C
Rejected,Female,C
Rejected,Female,C
Rejected,Female,C
Rejected,Female,C
Rejected,Female,C
Rejected,Female,C
Rejected,Female,C
Rejected,Female,C
Rejected,Female,C
Rejected,Female,C
Rejected,Female,C
Rejected,Female,C
Rejected,Female,C
Rejected,Female,C
Rejected,Female,C
Rejected,Female,C
Rejected,Female,C
Rejected,Female,C
Rejected,Female,C
Rejected,Female,C
Rejected,Female,C
Rejected,Female,C
Rejected,Female,C
Rejected,Female,C
Rejected,Female,C
Rejected,Female,C
Rejected,Female,C
Rejected,Female,C
Rejected,Female,C
Rejected,Female,C
Rejected,Female,C
Rejected,Female,C
Rejected,Female,C
Rejected,Female,C
Rejected,Female,C
Rejected,Female,C
Rejected,Female,C
Rejected,Female,C
Rejected,Female,C
Rejected,Female,C
Rejected,Female,C
Rejected,Female,C
Rejected,Female,C
Rejected,Female,C
Rejected,Female,C
Rejected,Female,C
Rejected,Female,C
Rejected,Female,C
Rejected,Female,C
Rejected,Female,C
Rejected,Female,C
Rejected,Female,C
Rejected,Female,C
Rejected,Female,C
Rejected,Female,C
Rejected,Female,C
Rejected,Female,C
Rejected,Female,C
Rejected,Female,C
Rejected,Female,C
Rejected,Female,C
Rejected,Female,C
Rejected,Female,C
Rejected,Female,C
Rejected,Female,C
Rejected,Female,C
Rejected,Female,C
Rejected,Female,C
Rejected,Female,C
Rejected,Female,C
Rejected,Female,C
Rejected,Female,C
Rejected,Female,C
Rejected,Female,C
Rejected,Female,C
Rejected,Female,C
Rejected,Female,C
Rejected,Female,C
Rejected,Female,C
Rejected,Female,C
Rejected,Female,C
Rejected,Female,C
Rejected,Female,C
Rejected,Female,C
Rejected,Female,C
Rejected,Female,C
Rejected,Female,C
Rejected,Female,C
Rejected,Female,C
Rejected,Female,C
Rejected,Female,C
Rejected,Female,C
Rejected,Female,C
Rejected,Female,C
Rejected,Female,C
Rejected,Female,C
Rejected,Female,C
Rejected,Female,C
Rejected,Female,C
Rejected,Female,C
Rejected,Female,C
Rejected,Female,C
Rejected,Female,C
Rejected,Female,C
Rejected,Female,C
Rejected,Female,C
Rejected,Female,C
Rejected,Female,C
Rejected,Female,C
Rejected,Female,C
Rejected,Female,C
Rejected,Female,C
Rejected,Female,C
Rejected,Female,C
Rejected,Female,C
Rejected,Female,C
Rejected,Female,C
Rejected,Female,C
Rejected,Female,C
Rejected,Female,C
Rejected,Female,C
Rejected,Female,C
Rejected,Female,C
Rejected,Female,C
Rejected,Female,C
Rejected,Female,C
Rejected,Female,C
Rejected,Female,C
Rejected,Female,C
Rejected,Female,C
Rejected,Female,C
Rejected,Female,C
Rejected,Female,C
Rejected,Female,C
Rejected,Female,C
Rejected,Female,C
Rejected,Female,C
Rejected,Female,C
Rejected,Female,C
Rejected,Female,C
Rejected,Female,C
Rejected,Female,C
Rejected,Female,C
Rejected,Female,C
Rejected,Female,C
Rejected,Female,C
Rejected,Female,C
Rejected,Female,C
Rejected,Female,C
Rejected,Female,C
Rejected,Female,C
Rejected,Female,C
Rejected,Female,C
Rejected,Female,C
Rejected,Female,C
Rejected,Female,C
Rejected,Female,C
Rejected,Female,C
Rejected,Female,C
Rejected,Female,C
Rejected,Female,C
Rejected,Female,C
Rejected,Female,C
Rejected,Female,C
Rejected,Female,C
Rejected,Female,C
Rejected,Female,C
Rejected,Female,C
Rejected,Female,C
Rejected,Female,C
Rejected,Female,C
Rejected,Female,C
Rejected,Female,C
Rejected,Female,C
Rejected,Female,C
Rejected,Female,C
Rejected,Female,C
Rejected,Female,C
Rejected,Female,C
Rejected,Female,C
Rejected,Female,C
Rejected,Female,C
Rejected,Female,C
Rejected,Female,C
Rejected,Female,C
Rejected,Female,C
Rejected,Female,C
Rejected,Female,C
Rejected,Female,C
Rejected,Female,C
Rejected,Female,C
Rejected,Female,C
Rejected,Female,C
Rejected,Female,C
Rejected,Female,C
Rejected,Female,C
Rejected,Female,C
Rejected,Female,C
Rejected,Female,C
Rejected,Female,C
Rejected,Female,C
Rejected,Female,C
Rejected,Female,C
Rejected,Female,C
Rejected,Female,C
Rejected,Female,C
Rejected,Female,C
Rejected,Female,C
Rejected,Female,C
Rejected,Female,C
Rejected,Female,C
Rejected,Female,C
Rejected,Female,C
Rejected,Female,C
Rejected,Female,C
Rejected,Female,C
Rejected,Female,C
Rejected,Female,C
Rejected,Female,C
Rejected,Female,C
Rejected,Female,C
Rejected,Female,C
Rejected,Female,C
Rejected,Female,C
Rejected,Female,C
Rejected,Female,C
Rejected,Female,C
Rejected,Female,C
Rejected,Female,C
Rejected,Female,C
Rejected,Female,C
Rejected,Female,C
Rejected,Female,C
Rejected,Female,C
Rejected,Female,C
Rejected,Female,C
Rejected,Female,C
Rejected,Female,C
Rejected,Female,C
Rejected,Female,C
Rejected,Female,C
Rejected,Female,C
Rejected,Female,C
Rejected,Female,C
Rejected,Female,C
Rejected,Female,C
Rejected,Female,C
Rejected,Female,C
Rejected,Female,C
Rejected,Female,C
Rejected,Female,C
Rejected,Female,C
Rejected,Female,C
Rejected,Female,C
Rejected,Female,C
Rejected,Female,C
Rejected,Female,C
Rejected,Female,C
Rejected,Female,C
Rejected,Female,C
Rejected,Female,C
Rejected,Female,C
Rejected,Female,C
Rejected,Female,C
Rejected,Female,C
Rejected,Female,C
Rejected,Female,C
Rejected,Female,C
Rejected,Female,C
Rejected,Female,C
Rejected,Female,C
Rejected,Female,C
Rejected,Female,C
Rejected,Female,C
Rejected,Female,C
Rejected,Female,C
Rejected,Female,C
Rejected,Female,C
Rejected,Female,C
Rejected,Female,C
Rejected,Female,C
Rejected,Female,C
Rejected,Female,C
Rejected,Female,C
Rejected,Female,C
Rejected,Female,C
Rejected,Female,C
Rejected,Female,C
Rejected,Female,C
Rejected,Female,C
Rejected,Female,C
Rejected,Female,C
Rejected,Female,C
Rejected,Female,C
Rejected,Female,C
Rejected,Female,C
Rejected,Female,C
Rejected,Female,C
Rejected,Female,C
Rejected,Female,C
Rejected,Female,C
Rejected,Female,C
Rejected,Female,C
Rejected,Female,C
Rejected,Female,C
Rejected,Female,C
Rejected,Female,C
Rejected,Female,C
Rejected,Female,C
Rejected,Female,C
Rejected,Female,C
Rejected,Female,C
Rejected,Female,C
Rejected,Female,C
Rejected,Female,C
Rejected,Female,C
Rejected,Female,C
Rejected,Female,C
Rejected,Female,C
Rejected,Female,C
Rejected,Female,C
Rejected,Female,C
Rejected,Female,C
Rejected,Female,C
Rejected,Female,C
Rejected,Female,C
Rejected,Female,C
Rejected,Female,C
Rejected,Female,C
Rejected,Female,C
Rejected,Female,C
Rejected,Female,C
Rejected,Female,C
Rejected,Female,C
Rejected,Female,C
Rejected,Female,C
Rejected,Female,C
Rejected,Female,C
Rejected,Female,C
Rejected,Female,C
Rejected,Female,C
Rejected,Female,C
Rejected,Female,C
Rejected,Female,C
Rejected,Female,C
Rejected,Female,C
Rejected,Female,C
Rejected,Female,C
Rejected,Female,C
Rejected,Female,C
Rejected,Female,C
Rejected,Female,C
Rejected,Female,C
Rejected,Female,C
Admitted,Male,D
Admitted,Male,D
Admitted,Male,D
Admitted,Male,D
Admitted,Male,D
Admitted,Male,D
Admitted,Male,D
Admitted,Male,D
Admitted,Male,D
Admitted,Male,D
Admitted,Male,D
Admitted,Male,D
Admitted,Male,D
Admitted,Male,D
Admitted,Male,D
Admitted,Male,D
Admitted,Male,D
Admitted,Male,D
Admitted,Male,D
Admitted,Male,D
Admitted,Male,D
Admitted,Male,D
Admitted,Male,D
Admitted,Male,D
Admitted,Male,D
Admitted,Male,D
Admitted,Male,D
Admitted,Male,D
Admitted,Male,D
Admitted,Male,D
Admitted,Male,D
Admitted,Male,D
Admitted,Male,D
Admitted,Male,D
Admitted,Male,D
Admitted,Male,D
Admitted,Male,D
Admitted,Male,D
Admitted,Male,D
Admitted,Male,D
Admitted,Male,D
Admitted,Male,D
Admitted,Male,D
Admitted,Male,D
Admitted,Male,D
Admitted,Male,D
Admitted,Male,D
Admitted,Male,D
Admitted,Male,D
Admitted,Male,D
Admitted,Male,D
Admitted,Male,D
Admitted,Male,D
Admitted,Male,D
Admitted,Male,D
Admitted,Male,D
Admitted,Male,D
Admitted,Male,D
Admitted,Male,D
Admitted,Male,D
Admitted,Male,D
Admitted,Male,D
Admitted,Male,D
Admitted,Male,D
Admitted,Male,D
Admitted,Male,D
Admitted,Male,D
Admitted,Male,D
Admitted,Male,D
Admitted,Male,D
Admitted,Male,D
Admitted,Male,D
Admitted,Male,D
Admitted,Male,D
Admitted,Male,D
Admitted,Male,D
Admitted,Male,D
Admitted,Male,D
Admitted,Male,D
Admitted,Male,D
Admitted,Male,D
Admitted,Male,D
Admitted,Male,D
Admitted,Male,D
Admitted,Male,D
Admitted,Male,D
Admitted,Male,D
Admitted,Male,D
Admitted,Male,D
Admitted,Male,D
Admitted,Male,D
Admitted,Male,D
Admitted,Male,D
Admitted,Male,D
Admitted,Male,D
Admitted,Male,D
Admitted,Male,D
Admitted,Male,D
Admitted,Male,D
Admitted,Male,D
Admitted,Male,D
Admitted,Male,D
Admitted,Male,D
Admitted,Male,D
Admitted,Male,D
Admitted,Male,D
Admitted,Male,D
Admitted,Male,D
Admitted,Male,D
Admitted,Male,D
Admitted,Male,D
Admitted,Male,D
Admitted,Male,D
Admitted,Male,D
Admitted,Male,D
Admitted,Male,D
Admitted,Male,D
Admitted,Male,D
Admitted,Male,D
Admitted,Male,D
Admitted,Male,D
Admitted,Male,D
Admitted,Male,D
Admitted,Male,D
Admitted,Male,D
Admitted,Male,D
Admitted,Male,D
Admitted,Male,D
Admitted,Male,D
Admitted,Male,D
Admitted,Male,D
Admitted,Male,D
Admitted,Male,D
Admitted,Male,D
Admitted,Male,D
Admitted,Male,D
Admitted,Male,D
Admitted,Male,D
Rejected,Male,D
Rejected,Male,D
Rejected,Male,D
Rejected,Male,D
Rejected,Male,D
Rejected,Male,D
Rejected,Male,D
Rejected,Male,D
Rejected,Male,D
Rejected,Male,D
Rejected,Male,D
Rejected,Male,D
Rejected,Male,D
Rejected,Male,D
Rejected,Male,D
Rejected,Male,D
Rejected,Male,D
Rejected,Male,D
Rejected,Male,D
Rejected,Male,D
Rejected,Male,D
Rejected,Male,D
Rejected,Male,D
Rejected,Male,D
Rejected,Male,D
Rejected,Male,D
Rejected,Male,D
Rejected,Male,D
Rejected,Male,D
Rejected,Male,D
Rejected,Male,D
Rejected,Male,D
Rejected,Male,D
Rejected,Male,D
Rejected,Male,D
Rejected,Male,D
Rejected,Male,D
Rejected,Male,D
Rejected,Male,D
Rejected,Male,D
Rejected,Male,D
Rejected,Male,D
Rejected,Male,D
Rejected,Male,D
Rejected,Male,D
Rejected,Male,D
Rejected,Male,D
Rejected,Male,D
Rejected,Male,D
Rejected,Male,D
Rejected,Male,D
Rejected,Male,D
Rejected,Male,D
Rejected,Male,D
Rejected,Male,D
Rejected,Male,D
Rejected,Male,D
Rejected,Male,D
Rejected,Male,D
Rejected,Male,D
Rejected,Male,D
Rejected,Male,D
Rejected,Male,D
Rejected,Male,D
Rejected,Male,D
Rejected,Male,D
Rejected,Male,D
Rejected,Male,D
Rejected,Male,D
Rejected,Male,D
Rejected,Male,D
Rejected,Male,D
Rejected,Male,D
Rejected,Male,D
Rejected,Male,D
Rejected,Male,D
Rejected,Male,D
Rejected,Male,D
Rejected,Male,D
Rejected,Male,D
Rejected,Male,D
Rejected,Male,D
Rejected,Male,D
Rejected,Male,D
Rejected,Male,D
Rejected,Male,D
Rejected,Male,D
Rejected,Male,D
Rejected,Male,D
Rejected,Male,D
Rejected,Male,D
Rejected,Male,D
Rejected,Male,D
Rejected,Male,D
Rejected,Male,D
Rejected,Male,D
Rejected,Male,D
Rejected,Male,D
Rejected,Male,D
Rejected,Male,D
Rejected,Male,D
Rejected,Male,D
Rejected,Male,D
Rejected,Male,D
Rejected,Male,D
Rejected,Male,D
Rejected,Male,D
Rejected,Male,D
Rejected,Male,D
Rejected,Male,D
Rejected,Male,D
Rejected,Male,D
Rejected,Male,D
Rejected,Male,D
Rejected,Male,D
Rejected,Male,D
Rejected,Male,D
Rejected,Male,D
Rejected,Male,D
Rejected,Male,D
Rejected,Male,D
Rejected,Male,D
Rejected,Male,D
Rejected,Male,D
Rejected,Male,D
Rejected,Male,D
Rejected,Male,D
Rejected,Male,D
Rejected,Male,D
Rejected,Male,D
Rejected,Male,D
Rejected,Male,D
Rejected,Male,D
Rejected,Male,D
Rejected,Male,D
Rejected,Male,D
Rejected,Male,D
Rejected,Male,D
Rejected,Male,D
Rejected,Male,D
Rejected,Male,D
Rejected,Male,D
Rejected,Male,D
Rejected,Male,D
Rejected,Male,D
Rejected,Male,D
Rejected,Male,D
Rejected,Male,D
Rejected,Male,D
Rejected,Male,D
Rejected,Male,D
Rejected,Male,D
Rejected,Male,D
Rejected,Male,D
Rejected,Male,D
Rejected,Male,D
Rejected,Male,D
Rejected,Male,D
Rejected,Male,D
Rejected,Male,D
Rejected,Male,D
Rejected,Male,D
Rejected,Male,D
Rejected,Male,D
Rejected,Male,D
Rejected,Male,D
Rejected,Male,D
Rejected,Male,D
Rejected,Male,D
Rejected,Male,D
Rejected,Male,D
Rejected,Male,D
Rejected,Male,D
Rejected,Male,D
Rejected,Male,D
Rejected,Male,D
Rejected,Male,D
Rejected,Male,D
Rejected,Male,D
Rejected,Male,D
Rejected,Male,D
Rejected,Male,D
Rejected,Male,D
Rejected,Male,D
Rejected,Male,D
Rejected,Male,D
Rejected,Male,D
Rejected,Male,D
Rejected,Male,D
Rejected,Male,D
Rejected,Male,D
Rejected,Male,D
Rejected,Male,D
Rejected,Male,D
Rejected,Male,D
Rejected,Male,D
Rejected,Male,D
Rejected,Male,D
Rejected,Male,D
Rejected,Male,D
Rejected,Male,D
Rejected,Male,D
Rejected,Male,D
Rejected,Male,D
Rejected,Male,D
Rejected,Male,D
Rejected,Male,D
Rejected,Male,D
Rejected,Male,D
Rejected,Male,D
Rejected,Male,D
Rejected,Male,D
Rejected,Male,D
Rejected,Male,D
Rejected,Male,D
Rejected,Male,D
Rejected,Male,D
Rejected,Male,D
Rejected,Male,D
Rejected,Male,D
Rejected,Male,D
Rejected,Male,D
Rejected,Male,D
Rejected,Male,D
Rejected,Male,D
Rejected,Male,D
Rejected,Male,D
Rejected,Male,D
Rejected,Male,D
Rejected,Male,D
Rejected,Male,D
Rejected,Male,D
Rejected,Male,D
Rejected,Male,D
Rejected,Male,D
Rejected,Male,D
Rejected,Male,D
Rejected,Male,D
Rejected,Male,D
Rejected,Male,D
Rejected,Male,D
Rejected,Male,D
Rejected,Male,D
Rejected,Male,D
Rejected,Male,D
Rejected,Male,D
Rejected,Male,D
Rejected,Male,D
Rejected,Male,D
Rejected,Male,D
Rejected,Male,D
Rejected,Male,D
Rejected,Male,D
Rejected,Male,D
Rejected,Male,D
Rejected,Male,D
Rejected,Male,D
Rejected,Male,D
Rejected,Male,D
Rejected,Male,D
Rejected,Male,D
Rejected,Male,D
Rejected,Male,D
Rejected,Male,D
Rejected,Male,D
Rejected,Male,D
Rejected,Male,D
Rejected,Male,D
Rejected,Male,D
Rejected,Male,D
Rejected,Male,D
Rejected,Male,D
Rejected,Male,D
Rejected,Male,D
Rejected,Male,D
Rejected,Male,D
Rejected,Male,D
Rejected,Male,D
Rejected,Male,D
Admitted,Female,D
Admitted,Female,D
Admitted,Female,D
Admitted,Female,D
Admitted,Female,D
Admitted,Female,D
Admitted,Female,D
Admitted,Female,D
Admitted,Female,D
Admitted,Female,D
Admitted,Female,D
Admitted,Female,D
Admitted,Female,D
Admitted,Female,D
Admitted,Female,D
Admitted,Female,D
Admitted,Female,D
Admitted,Female,D
Admitted,Female,D
Admitted,Female,D
Admitted,Female,D
Admitted,Female,D
Admitted,Female,D
Admitted,Female,D
Admitted,Female,D
Admitted,Female,D
Admitted,Female,D
Admitted,Female,D
Admitted,Female,D
Admitted,Female,D
Admitted,Female,D
Admitted,Female,D
Admitted,Female,D
Admitted,Female,D
Admitted,Female,D
Admitted,Female,D
Admitted,Female,D
Admitted,Female,D
Admitted,Female,D
Admitted,Female,D
Admitted,Female,D
Admitted,Female,D
Admitted,Female,D
Admitted,Female,D
Admitted,Female,D
Admitted,Female,D
Admitted,Female,D
Admitted,Female,D
Admitted,Female,D
Admitted,Female,D
Admitted,Female,D
Admitted,Female,D
Admitted,Female,D
Admitted,Female,D
Admitted,Female,D
Admitted,Female,D
Admitted,Female,D
Admitted,Female,D
Admitted,Female,D
Admitted,Female,D
Admitted,Female,D
Admitted,Female,D
Admitted,Female,D
Admitted,Female,D
Admitted,Female,D
Admitted,Female,D
Admitted,Female,D
Admitted,Female,D
Admitted,Female,D
Admitted,Female,D
Admitted,Female,D
Admitted,Female,D
Admitted,Female,D
Admitted,Female,D
Admitted,Female,D
Admitted,Female,D
Admitted,Female,D
Admitted,Female,D
Admitted,Female,D
Admitted,Female,D
Admitted,Female,D
Admitted,Female,D
Admitted,Female,D
Admitted,Female,D
Admitted,Female,D
Admitted,Female,D
Admitted,Female,D
Admitted,Female,D
Admitted,Female,D
Admitted,Female,D
Admitted,Female,D
Admitted,Female,D
Admitted,Female,D
Admitted,Female,D
Admitted,Female,D
Admitted,Female,D
Admitted,Female,D
Admitted,Female,D
Admitted,Female,D
Admitted,Female,D
Admitted,Female,D
Admitted,Female,D
Admitted,Female,D
Admitted,Female,D
Admitted,Female,D
Admitted,Female,D
Admitted,Female,D
Admitted,Female,D
Admitted,Female,D
Admitted,Female,D
Admitted,Female,D
Admitted,Female,D
Admitted,Female,D
Admitted,Female,D
Admitted,Female,D
Admitted,Female,D
Admitted,Female,D
Admitted,Female,D
Admitted,Female,D
Admitted,Female,D
Admitted,Female,D
Admitted,Female,D
Admitted,Female,D
Admitted,Female,D
Admitted,Female,D
Admitted,Female,D
Admitted,Female,D
Admitted,Female,D
Admitted,Female,D
Admitted,Female,D
Admitted,Female,D
Rejected,Female,D
Rejected,Female,D
Rejected,Female,D
Rejected,Female,D
Rejected,Female,D
Rejected,Female,D
Rejected,Female,D
Rejected,Female,D
Rejected,Female,D
Rejected,Female,D
Rejected,Female,D
Rejected,Female,D
Rejected,Female,D
Rejected,Female,D
Rejected,Female,D
Rejected,Female,D
Rejected,Female,D
Rejected,Female,D
Rejected,Female,D
Rejected,Female,D
Rejected,Female,D
Rejected,Female,D
Rejected,Female,D
Rejected,Female,D
Rejected,Female,D
Rejected,Female,D
Rejected,Female,D
Rejected,Female,D
Rejected,Female,D
Rejected,Female,D
Rejected,Female,D
Rejected,Female,D
Rejected,Female,D
Rejected,Female,D
Rejected,Female,D
Rejected,Female,D
Rejected,Female,D
Rejected,Female,D
Rejected,Female,D
Rejected,Female,D
Rejected,Female,D
Rejected,Female,D
Rejected,Female,D
Rejected,Female,D
Rejected,Female,D
Rejected,Female,D
Rejected,Female,D
Rejected,Female,D
Rejected,Female,D
Rejected,Female,D
Rejected,Female,D
Rejected,Female,D
Rejected,Female,D
Rejected,Female,D
Rejected,Female,D
Rejected,Female,D
Rejected,Female,D
Rejected,Female,D
Rejected,Female,D
Rejected,Female,D
Rejected,Female,D
Rejected,Female,D
Rejected,Female,D
Rejected,Female,D
Rejected,Female,D
Rejected,Female,D
Rejected,Female,D
Rejected,Female,D
Rejected,Female,D
Rejected,Female,D
Rejected,Female,D
Rejected,Female,D
Rejected,Female,D
Rejected,Female,D
Rejected,Female,D
Rejected,Female,D
Rejected,Female,D
Rejected,Female,D
Rejected,Female,D
Rejected,Female,D
Rejected,Female,D
Rejected,Female,D
Rejected,Female,D
Rejected,Female,D
Rejected,Female,D
Rejected,Female,D
Rejected,Female,D
Rejected,Female,D
Rejected,Female,D
Rejected,Female,D
Rejected,Female,D
Rejected,Female,D
Rejected,Female,D
Rejected,Female,D
Rejected,Female,D
Rejected,Female,D
Rejected,Female,D
Rejected,Female,D
Rejected,Female,D
Rejected,Female,D
Rejected,Female,D
Rejected,Female,D
Rejected,Female,D
Rejected,Female,D
Rejected,Female,D
Rejected,Female,D
Rejected,Female,D
Rejected,Female,D
Rejected,Female,D
Rejected,Female,D
Rejected,Female,D
Rejected,Female,D
Rejected,Female,D
Rejected,Female,D
Rejected,Female,D
Rejected,Female,D
Rejected,Female,D
Rejected,Female,D
Rejected,Female,D
Rejected,Female,D
Rejected,Female,D
Rejected,Female,D
Rejected,Female,D
Rejected,Female,D
Rejected,Female,D
Rejected,Female,D
Rejected,Female,D
Rejected,Female,D
Rejected,Female,D
Rejected,Female,D
Rejected,Female,D
Rejected,Female,D
Rejected,Female,D
Rejected,Female,D
Rejected,Female,D
Rejected,Female,D
Rejected,Female,D
Rejected,Female,D
Rejected,Female,D
Rejected,Female,D
Rejected,Female,D
Rejected,Female,D
Rejected,Female,D
Rejected,Female,D
Rejected,Female,D
Rejected,Female,D
Rejected,Female,D
Rejected,Female,D
Rejected,Female,D
Rejected,Female,D
Rejected,Female,D
Rejected,Female,D
Rejected,Female,D
Rejected,Female,D
Rejected,Female,D
Rejected,Female,D
Rejected,Female,D
Rejected,Female,D
Rejected,Female,D
Rejected,Female,D
Rejected,Female,D
Rejected,Female,D
Rejected,Female,D
Rejected,Female,D
Rejected,Female,D
Rejected,Female,D
Rejected,Female,D
Rejected,Female,D
Rejected,Female,D
Rejected,Female,D
Rejected,Female,D
Rejected,Female,D
Rejected,Female,D
Rejected,Female,D
Rejected,Female,D
Rejected,Female,D
Rejected,Female,D
Rejected,Female,D
Rejected,Female,D
Rejected,Female,D
Rejected,Female,D
Rejected,Female,D
Rejected,Female,D
Rejected,Female,D
Rejected,Female,D
Rejected,Female,D
Rejected,Female,D
Rejected,Female,D
Rejected,Female,D
Rejected,Female,D
Rejected,Female,D
Rejected,Female,D
Rejected,Female,D
Rejected,Female,D
Rejected,Female,D
Rejected,Female,D
Rejected,Female,D
Rejected,Female,D
Rejected,Female,D
Rejected,Female,D
Rejected,Female,D
Rejected,Female,D
Rejected,Female,D
Rejected,Female,D
Rejected,Female,D
Rejected,Female,D
Rejected,Female,D
Rejected,Female,D
Rejected,Female,D
Rejected,Female,D
Rejected,Female,D
Rejected,Female,D
Rejected,Female,D
Rejected,Female,D
Rejected,Female,D
Rejected,Female,D
Rejected,Female,D
Rejected,Female,D
Rejected,Female,D
Rejected,Female,D
Rejected,Female,D
Rejected,Female,D
Rejected,Female,D
Rejected,Female,D
Rejected,Female,D
Rejected,Female,D
Rejected,Female,D
Rejected,Female,D
Rejected,Female,D
Rejected,Female,D
Rejected,Female,D
Rejected,Female,D
Rejected,Female,D
Rejected,Female,D
Rejected,Female,D
Rejected,Female,D
Rejected,Female,D
Rejected,Female,D
Rejected,Female,D
Rejected,Female,D
Rejected,Female,D
Rejected,Female,D
Rejected,Female,D
Rejected,Female,D
Admitted,Male,E
Admitted,Male,E
Admitted,Male,E
Admitted,Male,E
Admitted,Male,E
Admitted,Male,E
Admitted,Male,E
Admitted,Male,E
Admitted,Male,E
Admitted,Male,E
Admitted,Male,E
Admitted,Male,E
Admitted,Male,E
Admitted,Male,E
Admitted,Male,E
Admitted,Male,E
Admitted,Male,E
Admitted,Male,E
Admitted,Male,E
Admitted,Male,E
Admitted,Male,E
Admitted,Male,E
Admitted,Male,E
Admitted,Male,E
Admitted,Male,E
Admitted,Male,E
Admitted,Male,E
Admitted,Male,E
Admitted,Male,E
Admitted,Male,E
Admitted,Male,E
Admitted,Male,E
Admitted,Male,E
Admitted,Male,E
Admitted,Male,E
Admitted,Male,E
Admitted,Male,E
Admitted,Male,E
Admitted,Male,E
Admitted,Male,E
Admitted,Male,E
Admitted,Male,E
Admitted,Male,E
Admitted,Male,E
Admitted,Male,E
Admitted,Male,E
Admitted,Male,E
Admitted,Male,E
Admitted,Male,E
Admitted,Male,E
Admitted,Male,E
Admitted,Male,E
Admitted,Male,E
Rejected,Male,E
Rejected,Male,E
Rejected,Male,E
Rejected,Male,E
Rejected,Male,E
Rejected,Male,E
Rejected,Male,E
Rejected,Male,E
Rejected,Male,E
Rejected,Male,E
Rejected,Male,E
Rejected,Male,E
Rejected,Male,E
Rejected,Male,E
Rejected,Male,E
Rejected,Male,E
Rejected,Male,E
Rejected,Male,E
Rejected,Male,E
Rejected,Male,E
Rejected,Male,E
Rejected,Male,E
Rejected,Male,E
Rejected,Male,E
Rejected,Male,E
Rejected,Male,E
Rejected,Male,E
Rejected,Male,E
Rejected,Male,E
Rejected,Male,E
Rejected,Male,E
Rejected,Male,E
Rejected,Male,E
Rejected,Male,E
Rejected,Male,E
Rejected,Male,E
Rejected,Male,E
Rejected,Male,E
Rejected,Male,E
Rejected,Male,E
Rejected,Male,E
Rejected,Male,E
Rejected,Male,E
Rejected,Male,E
Rejected,Male,E
Rejected,Male,E
Rejected,Male,E
Rejected,Male,E
Rejected,Male,E
Rejected,Male,E
Rejected,Male,E
Rejected,Male,E
Rejected,Male,E
Rejected,Male,E
Rejected,Male,E
Rejected,Male,E
Rejected,Male,E
Rejected,Male,E
Rejected,Male,E
Rejected,Male,E
Rejected,Male,E
Rejected,Male,E
Rejected,Male,E
Rejected,Male,E
Rejected,Male,E
Rejected,Male,E
Rejected,Male,E
Rejected,Male,E
Rejected,Male,E
Rejected,Male,E
Rejected,Male,E
Rejected,Male,E
Rejected,Male,E
Rejected,Male,E
Rejected,Male,E
Rejected,Male,E
Rejected,Male,E
Rejected,Male,E
Rejected,Male,E
Rejected,Male,E
Rejected,Male,E
Rejected,Male,E
Rejected,Male,E
Rejected,Male,E
Rejected,Male,E
Rejected,Male,E
Rejected,Male,E
Rejected,Male,E
Rejected,Male,E
Rejected,Male,E
Rejected,Male,E
Rejected,Male,E
Rejected,Male,E
Rejected,Male,E
Rejected,Male,E
Rejected,Male,E
Rejected,Male,E
Rejected,Male,E
Rejected,Male,E
Rejected,Male,E
Rejected,Male,E
Rejected,Male,E
Rejected,Male,E
Rejected,Male,E
Rejected,Male,E
Rejected,Male,E
Rejected,Male,E
Rejected,Male,E
Rejected,Male,E
Rejected,Male,E
Rejected,Male,E
Rejected,Male,E
Rejected,Male,E
Rejected,Male,E
Rejected,Male,E
Rejected,Male,E
Rejected,Male,E
Rejected,Male,E
Rejected,Male,E
Rejected,Male,E
Rejected,Male,E
Rejected,Male,E
Rejected,Male,E
Rejected,Male,E
Rejected,Male,E
Rejected,Male,E
Rejected,Male,E
Rejected,Male,E
Rejected,Male,E
Rejected,Male,E
Rejected,Male,E
Rejected,Male,E
Rejected,Male,E
Rejected,Male,E
Rejected,Male,E
Rejected,Male,E
Rejected,Male,E
Rejected,Male,E
Admitted,Female,E
Admitted,Female,E
Admitted,Female,E
Admitted,Female,E
Admitted,Female,E
Admitted,Female,E
Admitted,Female,E
Admitted,Female,E
Admitted,Female,E
Admitted,Female,E
Admitted,Female,E
Admitted,Female,E
Admitted,Female,E
Admitted,Female,E
Admitted,Female,E
Admitted,Female,E
Admitted,Female,E
Admitted,Female,E
Admitted,Female,E
Admitted,Female,E
Admitted,Female,E
Admitted,Female,E
Admitted,Female,E
Admitted,Female,E
Admitted,Female,E
Admitted,Female,E
Admitted,Female,E
Admitted,Female,E
Admitted,Female,E
Admitted,Female,E
Admitted,Female,E
Admitted,Female,E
Admitted,Female,E
Admitted,Female,E
Admitted,Female,E
Admitted,Female,E
Admitted,Female,E
Admitted,Female,E
Admitted,Female,E
Admitted,Female,E
Admitted,Female,E
Admitted,Female,E
Admitted,Female,E
Admitted,Female,E
Admitted,Female,E
Admitted,Female,E
Admitted,Female,E
Admitted,Female,E
Admitted,Female,E
Admitted,Female,E
Admitted,Female,E
Admitted,Female,E
Admitted,Female,E
Admitted,Female,E
Admitted,Female,E
Admitted,Female,E
Admitted,Female,E
Admitted,Female,E
Admitted,Female,E
Admitted,Female,E
Admitted,Female,E
Admitted,Female,E
Admitted,Female,E
Admitted,Female,E
Admitted,Female,E
Admitted,Female,E
Admitted,Female,E
Admitted,Female,E
Admitted,Female,E
Admitted,Female,E
Admitted,Female,E
Admitted,Female,E
Admitted,Female,E
Admitted,Female,E
Admitted,Female,E
Admitted,Female,E
Admitted,Female,E
Admitted,Female,E
Admitted,Female,E
Admitted,Female,E
Admitted,Female,E
Admitted,Female,E
Admitted,Female,E
Admitted,Female,E
Admitted,Female,E
Admitted,Female,E
Admitted,Female,E
Admitted,Female,E
Admitted,Female,E
Admitted,Female,E
Admitted,Female,E
Admitted,Female,E
Admitted,Female,E
Admitted,Female,E
Rejected,Female,E
Rejected,Female,E
Rejected,Female,E
Rejected,Female,E
Rejected,Female,E
Rejected,Female,E
Rejected,Female,E
Rejected,Female,E
Rejected,Female,E
Rejected,Female,E
Rejected,Female,E
Rejected,Female,E
Rejected,Female,E
Rejected,Female,E
Rejected,Female,E
Rejected,Female,E
Rejected,Female,E
Rejected,Female,E
Rejected,Female,E
Rejected,Female,E
Rejected,Female,E
Rejected,Female,E
Rejected,Female,E
Rejected,Female,E
Rejected,Female,E
Rejected,Female,E
Rejected,Female,E
Rejected,Female,E
Rejected,Female,E
Rejected,Female,E
Rejected,Female,E
Rejected,Female,E
Rejected,Female,E
Rejected,Female,E
Rejected,Female,E
Rejected,Female,E
Rejected,Female,E
Rejected,Female,E
Rejected,Female,E
Rejected,Female,E
Rejected,Female,E
Rejected,Female,E
Rejected,Female,E
Rejected,Female,E
Rejected,Female,E
Rejected,Female,E
Rejected,Female,E
Rejected,Female,E
Rejected,Female,E
Rejected,Female,E
Rejected,Female,E
Rejected,Female,E
Rejected,Female,E
Rejected,Female,E
Rejected,Female,E
Rejected,Female,E
Rejected,Female,E
Rejected,Female,E
Rejected,Female,E
Rejected,Female,E
Rejected,Female,E
Rejected,Female,E
Rejected,Female,E
Rejected,Female,E
Rejected,Female,E
Rejected,Female,E
Rejected,Female,E
Rejected,Female,E
Rejected,Female,E
Rejected,Female,E
Rejected,Female,E
Rejected,Female,E
Rejected,Female,E
Rejected,Female,E
Rejected,Female,E
Rejected,Female,E
Rejected,Female,E
Rejected,Female,E
Rejected,Female,E
Rejected,Female,E
Rejected,Female,E
Rejected,Female,E
Rejected,Female,E
Rejected,Female,E
Rejected,Female,E
Rejected,Female,E
Rejected,Female,E
Rejected,Female,E
Rejected,Female,E
Rejected,Female,E
Rejected,Female,E
Rejected,Female,E
Rejected,Female,E
Rejected,Female,E
Rejected,Female,E
Rejected,Female,E
Rejected,Female,E
Rejected,Female,E
Rejected,Female,E
Rejected,Female,E
Rejected,Female,E
Rejected,Female,E
Rejected,Female,E
Rejected,Female,E
Rejected,Female,E
Rejected,Female,E
Rejected,Female,E
Rejected,Female,E
Rejected,Female,E
Rejected,Female,E
Rejected,Female,E
Rejected,Female,E
Rejected,Female,E
Rejected,Female,E
Rejected,Female,E
Rejected,Female,E
Rejected,Female,E
Rejected,Female,E
Rejected,Female,E
Rejected,Female,E
Rejected,Female,E
Rejected,Female,E
Rejected,Female,E
Rejected,Female,E
Rejected,Female,E
Rejected,Female,E
Rejected,Female,E
Rejected,Female,E
Rejected,Female,E
Rejected,Female,E
Rejected,Female,E
Rejected,Female,E
Rejected,Female,E
Rejected,Female,E
Rejected,Female,E
Rejected,Female,E
Rejected,Female,E
Rejected,Female,E
Rejected,Female,E
Rejected,Female,E
Rejected,Female,E
Rejected,Female,E
Rejected,Female,E
Rejected,Female,E
Rejected,Female,E
Rejected,Female,E
Rejected,Female,E
Rejected,Female,E
Rejected,Female,E
Rejected,Female,E
Rejected,Female,E
Rejected,Female,E
Rejected,Female,E
Rejected,Female,E
Rejected,Female,E
Rejected,Female,E
Rejected,Female,E
Rejected,Female,E
Rejected,Female,E
Rejected,Female,E
Rejected,Female,E
Rejected,Female,E
Rejected,Female,E
Rejected,Female,E
Rejected,Female,E
Rejected,Female,E
Rejected,Female,E
Rejected,Female,E
Rejected,Female,E
Rejected,Female,E
Rejected,Female,E
Rejected,Female,E
Rejected,Female,E
Rejected,Female,E
Rejected,Female,E
Rejected,Female,E
Rejected,Female,E
Rejected,Female,E
Rejected,Female,E
Rejected,Female,E
Rejected,Female,E
Rejected,Female,E
Rejected,Female,E
Rejected,Female,E
Rejected,Female,E
Rejected,Female,E
Rejected,Female,E
Rejected,Female,E
Rejected,Female,E
Rejected,Female,E
Rejected,Female,E
Rejected,Female,E
Rejected,Female,E
Rejected,Female,E
Rejected,Female,E
Rejected,Female,E
Rejected,Female,E
Rejected,Female,E
Rejected,Female,E
Rejected,Female,E
Rejected,Female,E
Rejected,Female,E
Rejected,Female,E
Rejected,Female,E
Rejected,Female,E
Rejected,Female,E
Rejected,Female,E
Rejected,Female,E
Rejected,Female,E
Rejected,Female,E
Rejected,Female,E
Rejected,Female,E
Rejected,Female,E
Rejected,Female,E
Rejected,Female,E
Rejected,Female,E
Rejected,Female,E
Rejected,Female,E
Rejected,Female,E
Rejected,Female,E
Rejected,Female,E
Rejected,Female,E
Rejected,Female,E
Rejected,Female,E
Rejected,Female,E
Rejected,Female,E
Rejected,Female,E
Rejected,Female,E
Rejected,Female,E
Rejected,Female,E
Rejected,Female,E
Rejected,Female,E
Rejected,Female,E
Rejected,Female,E
Rejected,Female,E
Rejected,Female,E
Rejected,Female,E
Rejected,Female,E
Rejected,Female,E
Rejected,Female,E
Rejected,Female,E
Rejected,Female,E
Rejected,Female,E
Rejected,Female,E
Rejected,Female,E
Rejected,Female,E
Rejected,Female,E
Rejected,Female,E
Rejected,Female,E
Rejected,Female,E
Rejected,Female,E
Rejected,Female,E
Rejected,Female,E
Rejected,Female,E
Rejected,Female,E
Rejected,Female,E
Rejected,Female,E
Rejected,Female,E
Rejected,Female,E
Rejected,Female,E
Rejected,Female,E
Rejected,Female,E
Rejected,Female,E
Rejected,Female,E
Rejected,Female,E
Rejected,Female,E
Rejected,Female,E
Rejected,Female,E
Rejected,Female,E
Rejected,Female,E
Rejected,Female,E
Rejected,Female,E
Rejected,Female,E
Rejected,Female,E
Rejected,Female,E
Rejected,Female,E
Rejected,Female,E
Rejected,Female,E
Rejected,Female,E
Rejected,Female,E
Rejected,Female,E
Rejected,Female,E
Rejected,Female,E
Rejected,Female,E
Rejected,Female,E
Rejected,Female,E
Rejected,Female,E
Rejected,Female,E
Rejected,Female,E
Rejected,Female,E
Rejected,Female,E
Rejected,Female,E
Rejected,Female,E
Rejected,Female,E
Rejected,Female,E
Rejected,Female,E
Rejected,Female,E
Rejected,Female,E
Rejected,Female,E
Admitted,Male,F
Admitted,Male,F
Admitted,Male,F
Admitted,Male,F
Admitted,Male,F
Admitted,Male,F
Admitted,Male,F
Admitted,Male,F
Admitted,Male,F
Admitted,Male,F
Admitted,Male,F
Admitted,Male,F
Admitted,Male,F
Admitted,Male,F
Admitted,Male,F
Admitted,Male,F
Admitted,Male,F
Admitted,Male,F
Admitted,Male,F
Admitted,Male,F
Admitted,Male,F
Admitted,Male,F
Rejected,Male,F
Rejected,Male,F
Rejected,Male,F
Rejected,Male,F
Rejected,Male,F
Rejected,Male,F
Rejected,Male,F
Rejected,Male,F
Rejected,Male,F
Rejected,Male,F
Rejected,Male,F
Rejected,Male,F
Rejected,Male,F
Rejected,Male,F
Rejected,Male,F
Rejected,Male,F
Rejected,Male,F
Rejected,Male,F
Rejected,Male,F
Rejected,Male,F
Rejected,Male,F
Rejected,Male,F
Rejected,Male,F
Rejected,Male,F
Rejected,Male,F
Rejected,Male,F
Rejected,Male,F
Rejected,Male,F
Rejected,Male,F
Rejected,Male,F
Rejected,Male,F
Rejected,Male,F
Rejected,Male,F
Rejected,Male,F
Rejected,Male,F
Rejected,Male,F
Rejected,Male,F
Rejected,Male,F
Rejected,Male,F
Rejected,Male,F
Rejected,Male,F
Rejected,Male,F
Rejected,Male,F
Rejected,Male,F
Rejected,Male,F
Rejected,Male,F
Rejected,Male,F
Rejected,Male,F
Rejected,Male,F
Rejected,Male,F
Rejected,Male,F
Rejected,Male,F
Rejected,Male,F
Rejected,Male,F
Rejected,Male,F
Rejected,Male,F
Rejected,Male,F
Rejected,Male,F
Rejected,Male,F
Rejected,Male,F
Rejected,Male,F
Rejected,Male,F
Rejected,Male,F
Rejected,Male,F
Rejected,Male,F
Rejected,Male,F
Rejected,Male,F
Rejected,Male,F
Rejected,Male,F
Rejected,Male,F
Rejected,Male,F
Rejected,Male,F
Rejected,Male,F
Rejected,Male,F
Rejected,Male,F
Rejected,Male,F
Rejected,Male,F
Rejected,Male,F
Rejected,Male,F
Rejected,Male,F
Rejected,Male,F
Rejected,Male,F
Rejected,Male,F
Rejected,Male,F
Rejected,Male,F
Rejected,Male,F
Rejected,Male,F
Rejected,Male,F
Rejected,Male,F
Rejected,Male,F
Rejected,Male,F
Rejected,Male,F
Rejected,Male,F
Rejected,Male,F
Rejected,Male,F
Rejected,Male,F
Rejected,Male,F
Rejected,Male,F
Rejected,Male,F
Rejected,Male,F
Rejected,Male,F
Rejected,Male,F
Rejected,Male,F
Rejected,Male,F
Rejected,Male,F
Rejected,Male,F
Rejected,Male,F
Rejected,Male,F
Rejected,Male,F
Rejected,Male,F
Rejected,Male,F
Rejected,Male,F
Rejected,Male,F
Rejected,Male,F
Rejected,Male,F
Rejected,Male,F
Rejected,Male,F
Rejected,Male,F
Rejected,Male,F
Rejected,Male,F
Rejected,Male,F
Rejected,Male,F
Rejected,Male,F
Rejected,Male,F
Rejected,Male,F
Rejected,Male,F
Rejected,Male,F
Rejected,Male,F
Rejected,Male,F
Rejected,Male,F
Rejected,Male,F
Rejected,Male,F
Rejected,Male,F
Rejected,Male,F
Rejected,Male,F
Rejected,Male,F
Rejected,Male,F
Rejected,Male,F
Rejected,Male,F
Rejected,Male,F
Rejected,Male,F
Rejected,Male,F
Rejected,Male,F
Rejected,Male,F
Rejected,Male,F
Rejected,Male,F
Rejected,Male,F
Rejected,Male,F
Rejected,Male,F
Rejected,Male,F
Rejected,Male,F
Rejected,Male,F
Rejected,Male,F
Rejected,Male,F
Rejected,Male,F
Rejected,Male,F
Rejected,Male,F
Rejected,Male,F
Rejected,Male,F
Rejected,Male,F
Rejected,Male,F
Rejected,Male,F
Rejected,Male,F
Rejected,Male,F
Rejected,Male,F
Rejected,Male,F
Rejected,Male,F
Rejected,Male,F
Rejected,Male,F
Rejected,Male,F
Rejected,Male,F
Rejected,Male,F
Rejected,Male,F
Rejected,Male,F
Rejected,Male,F
Rejected,Male,F
Rejected,Male,F
Rejected,Male,F
Rejected,Male,F
Rejected,Male,F
Rejected,Male,F
Rejected,Male,F
Rejected,Male,F
Rejected,Male,F
Rejected,Male,F
Rejected,Male,F
Rejected,Male,F
Rejected,Male,F
Rejected,Male,F
Rejected,Male,F
Rejected,Male,F
Rejected,Male,F
Rejected,Male,F
Rejected,Male,F
Rejected,Male,F
Rejected,Male,F
Rejected,Male,F
Rejected,Male,F
Rejected,Male,F
Rejected,Male,F
Rejected,Male,F
Rejected,Male,F
Rejected,Male,F
Rejected,Male,F
Rejected,Male,F
Rejected,Male,F
Rejected,Male,F
Rejected,Male,F
Rejected,Male,F
Rejected,Male,F
Rejected,Male,F
Rejected,Male,F
Rejected,Male,F
Rejected,Male,F
Rejected,Male,F
Rejected,Male,F
Rejected,Male,F
Rejected,Male,F
Rejected,Male,F
Rejected,Male,F
Rejected,Male,F
Rejected,Male,F
Rejected,Male,F
Rejected,Male,F
Rejected,Male,F
Rejected,Male,F
Rejected,Male,F
Rejected,Male,F
Rejected,Male,F
Rejected,Male,F
Rejected,Male,F
Rejected,Male,F
Rejected,Male,F
Rejected,Male,F
Rejected,Male,F
Rejected,Male,F
Rejected,Male,F
Rejected,Male,F
Rejected,Male,F
Rejected,Male,F
Rejected,Male,F
Rejected,Male,F
Rejected,Male,F
Rejected,Male,F
Rejected,Male,F
Rejected,Male,F
Rejected,Male,F
Rejected,Male,F
Rejected,Male,F
Rejected,Male,F
Rejected,Male,F
Rejected,Male,F
Rejected,Male,F
Rejected,Male,F
Rejected,Male,F
Rejected,Male,F
Rejected,Male,F
Rejected,Male,F
Rejected,Male,F
Rejected,Male,F
Rejected,Male,F
Rejected,Male,F
Rejected,Male,F
Rejected,Male,F
Rejected,Male,F
Rejected,Male,F
Rejected,Male,F
Rejected,Male,F
Rejected,Male,F
Rejected,Male,F
Rejected,Male,F
Rejected,Male,F
Rejected,Male,F
Rejected,Male,F
Rejected,Male,F
Rejected,Male,F
Rejected,Male,F
Rejected,Male,F
Rejected,Male,F
Rejected,Male,F
Rejected,Male,F
Rejected,Male,F
Rejected,Male,F
Rejected,Male,F
Rejected,Male,F
Rejected,Male,F
Rejected,Male,F
Rejected,Male,F
Rejected,Male,F
Rejected,Male,F
Rejected,Male,F
Rejected,Male,F
Rejected,Male,F
Rejected,Male,F
Rejected,Male,F
Rejected,Male,F
Rejected,Male,F
Rejected,Male,F
Rejected,Male,F
Rejected,Male,F
Rejected,Male,F
Rejected,Male,F
Rejected,Male,F
Rejected,Male,F
Rejected,Male,F
Rejected,Male,F
Rejected,Male,F
Rejected,Male,F
Rejected,Male,F
Rejected,Male,F
Rejected,Male,F
Rejected,Male,F
Rejected,Male,F
Rejected,Male,F
Rejected,Male,F
Rejected,Male,F
Rejected,Male,F
Rejected,Male,F
Rejected,Male,F
Rejected,Male,F
Rejected,Male,F
Rejected,Male,F
Rejected,Male,F
Rejected,Male,F
Rejected,Male,F
Rejected,Male,F
Rejected,Male,F
Rejected,Male,F
Rejected,Male,F
Rejected,Male,F
Rejected,Male,F
Rejected,Male,F
Rejected,Male,F
Rejected,Male,F
Rejected,Male,F
Rejected,Male,F
Rejected,Male,F
Rejected,Male,F
Rejected,Male,F
Rejected,Male,F
Rejected,Male,F
Rejected,Male,F
Rejected,Male,F
Rejected,Male,F
Rejected,Male,F
Rejected,Male,F
Rejected,Male,F
Rejected,Male,F
Rejected,Male,F
Rejected,Male,F
Rejected,Male,F
Admitted,Female,F
Admitted,Female,F
Admitted,Female,F
Admitted,Female,F
Admitted,Female,F
Admitted,Female,F
Admitted,Female,F
Admitted,Female,F
Admitted,Female,F
Admitted,Female,F
Admitted,Female,F
Admitted,Female,F
Admitted,Female,F
Admitted,Female,F
Admitted,Female,F
Admitted,Female,F
Admitted,Female,F
Admitted,Female,F
Admitted,Female,F
Admitted,Female,F
Admitted,Female,F
Admitted,Female,F
Admitted,Female,F
Admitted,Female,F
Rejected,Female,F
Rejected,Female,F
Rejected,Female,F
Rejected,Female,F
Rejected,Female,F
Rejected,Female,F
Rejected,Female,F
Rejected,Female,F
Rejected,Female,F
Rejected,Female,F
Rejected,Female,F
Rejected,Female,F
Rejected,Female,F
Rejected,Female,F
Rejected,Female,F
Rejected,Female,F
Rejected,Female,F
Rejected,Female,F
Rejected,Female,F
Rejected,Female,F
Rejected,Female,F
Rejected,Female,F
Rejected,Female,F
Rejected,Female,F
Rejected,Female,F
Rejected,Female,F
Rejected,Female,F
Rejected,Female,F
Rejected,Female,F
Rejected,Female,F
Rejected,Female,F
Rejected,Female,F
Rejected,Female,F
Rejected,Female,F
Rejected,Female,F
Rejected,Female,F
Rejected,Female,F
Rejected,Female,F
Rejected,Female,F
Rejected,Female,F
Rejected,Female,F
Rejected,Female,F
Rejected,Female,F
Rejected,Female,F
Rejected,Female,F
Rejected,Female,F
Rejected,Female,F
Rejected,Female,F
Rejected,Female,F
Rejected,Female,F
Rejected,Female,F
Rejected,Female,F
Rejected,Female,F
Rejected,Female,F
Rejected,Female,F
Rejected,Female,F
Rejected,Female,F
Rejected,Female,F
Rejected,Female,F
Rejected,Female,F
Rejected,Female,F
Rejected,Female,F
Rejected,Female,F
Rejected,Female,F
Rejected,Female,F
Rejected,Female,F
Rejected,Female,F
Rejected,Female,F
Rejected,Female,F
Rejected,Female,F
Rejected,Female,F
Rejected,Female,F
Rejected,Female,F
Rejected,Female,F
Rejected,Female,F
Rejected,Female,F
Rejected,Female,F
Rejected,Female,F
Rejected,Female,F
Rejected,Female,F
Rejected,Female,F
Rejected,Female,F
Rejected,Female,F
Rejected,Female,F
Rejected,Female,F
Rejected,Female,F
Rejected,Female,F
Rejected,Female,F
Rejected,Female,F
Rejected,Female,F
Rejected,Female,F
Rejected,Female,F
Rejected,Female,F
Rejected,Female,F
Rejected,Female,F
Rejected,Female,F
Rejected,Female,F
Rejected,Female,F
Rejected,Female,F
Rejected,Female,F
Rejected,Female,F
Rejected,Female,F
Rejected,Female,F
Rejected,Female,F
Rejected,Female,F
Rejected,Female,F
Rejected,Female,F
Rejected,Female,F
Rejected,Female,F
Rejected,Female,F
Rejected,Female,F
Rejected,Female,F
Rejected,Female,F
Rejected,Female,F
Rejected,Female,F
Rejected,Female,F
Rejected,Female,F
Rejected,Female,F
Rejected,Female,F
Rejected,Female,F
Rejected,Female,F
Rejected,Female,F
Rejected,Female,F
Rejected,Female,F
Rejected,Female,F
Rejected,Female,F
Rejected,Female,F
Rejected,Female,F
Rejected,Female,F
Rejected,Female,F
Rejected,Female,F
Rejected,Female,F
Rejected,Female,F
Rejected,Female,F
Rejected,Female,F
Rejected,Female,F
Rejected,Female,F
Rejected,Female,F
Rejected,Female,F
Rejected,Female,F
Rejected,Female,F
Rejected,Female,F
Rejected,Female,F
Rejected,Female,F
Rejected,Female,F
Rejected,Female,F
Rejected,Female,F
Rejected,Female,F
Rejected,Female,F
Rejected,Female,F
Rejected,Female,F
Rejected,Female,F
Rejected,Female,F
Rejected,Female,F
Rejected,Female,F
Rejected,Female,F
Rejected,Female,F
Rejected,Female,F
Rejected,Female,F
Rejected,Female,F
Rejected,Female,F
Rejected,Female,F
Rejected,Female,F
Rejected,Female,F
Rejected,Female,F
Rejected,Female,F
Rejected,Female,F
Rejected,Female,F
Rejected,Female,F
Rejected,Female,F
Rejected,Female,F
Rejected,Female,F
Rejected,Female,F
Rejected,Female,F
Rejected,Female,F
Rejected,Female,F
Rejected,Female,F
Rejected,Female,F
Rejected,Female,F
Rejected,Female,F
Rejected,Female,F
Rejected,Female,F
Rejected,Female,F
Rejected,Female,F
Rejected,Female,F
Rejected,Female,F
Rejected,Female,F
Rejected,Female,F
Rejected,Female,F
Rejected,Female,F
Rejected,Female,F
Rejected,Female,F
Rejected,Female,F
Rejected,Female,F
Rejected,Female,F
Rejected,Female,F
Rejected,Female,F
Rejected,Female,F
Rejected,Female,F
Rejected,Female,F
Rejected,Female,F
Rejected,Female,F
Rejected,Female,F
Rejected,Female,F
Rejected,Female,F
Rejected,Female,F
Rejected,Female,F
Rejected,Female,F
Rejected,Female,F
Rejected,Female,F
Rejected,Female,F
Rejected,Female,F
Rejected,Female,F
Rejected,Female,F
Rejected,Female,F
Rejected,Female,F
Rejected,Female,F
Rejected,Female,F
Rejected,Female,F
Rejected,Female,F
Rejected,Female,F
Rejected,Female,F
Rejected,Female,F
Rejected,Female,F
Rejected,Female,F
Rejected,Female,F
Rejected,Female,F
Rejected,Female,F
Rejected,Female,F
Rejected,Female,F
Rejected,Female,F
Rejected,Female,F
Rejected,Female,F
Rejected,Female,F
Rejected,Female,F
Rejected,Female,F
Rejected,Female,F
Rejected,Female,F
Rejected,Female,F
Rejected,Female,F
Rejected,Female,F
Rejected,Female,F
Rejected,Female,F
Rejected,Female,F
Rejected,Female,F
Rejected,Female,F
Rejected,Female,F
Rejected,Female,F
Rejected,Female,F
Rejected,Female,F
Rejected,Female,F
Rejected,Female,F
Rejected,Female,F
Rejected,Female,F
Rejected,Female,F
Rejected,Female,F
Rejected,Female,F
Rejected,Female,F
Rejected,Female,F
Rejected,Female,F
Rejected,Female,F
Rejected,Female,F
Rejected,Female,F
Rejected,Female,F
Rejected,Female,F
Rejected,Female,F
Rejected,Female,F
Rejected,Female,F
Rejected,Female,F
Rejected,Female,F
Rejected,Female,F
Rejected,Female,F
Rejected,Female,F
Rejected,Female,F
Rejected,Female,F
Rejected,Female,F
Rejected,Female,F
Rejected,Female,F
Rejected,Female,F
Rejected,Female,F
Rejected,Female,F
Rejected,Female,F
Rejected,Female,F
Rejected,Female,F
Rejected,Female,F
Rejected,Female,F
Rejected,Female,F
Rejected,Female,F
Rejected,Female,F
Rejected,Female,F
Rejected,Female,F
Rejected,Female,F
Rejected,Female,F
Rejected,Female,F
Rejected,Female,F
Rejected,Female,F
Rejected,Female,F
Rejected,Female,F
Rejected,Female,F
Rejected,Female,F
Rejected,Female,F
Rejected,Female,F
Rejected,Female,F
Rejected,Female,F
Rejected,Female,F
Rejected,Female,F
Rejected,Female,F
Rejected,Female,F
Rejected,Female,F
Rejected,Female,F
Rejected,Female,F
Rejected,Female,F
Rejected,Female,F
Rejected,Female,F
Rejected,Female,F
Rejected,Female,F
Rejected,Female,F
